doc_id,title,source_url,chunk_id,chunk_index,char_start,char_end,content
official_event_31697fa97ac0,썬데이 메이플,https://maplestory.nexon.com/News/Event/1315,official_event_31697fa97ac0::chunk::0,0,0,1613,"댓글 22 팔라딘SK 2026.05.03 평일 100퍼가 왜들어가는거지.... 하이블링희 2026.05.02 ■ 넥슨캐시 30,000원 짜리 1개씩 공짜로 받아가세영!! 유튜브 -> 나눔수진 검색 // 댓글창 최신순 누르고 맨 밑 보시면 있어요! 무조건 1인 1개 공짜니 받아가세영! 렌nei 2026.05.01 스타포스 10성이하 1+1 삭제됐나요? 반년이 다 되어 가는데 샤타만 하고 1+1은 없네요. 부캐 스타포스 12성 올리는건 샤타보다 1+1이 더 싼데 그냥 샤타때 해야되나 erereror 2026.05.01 창섭이형 미라클데이 언제야 나 제네무기 아직 유니크야 ㅠ 천매운화 2026.05.01 오케이 295 갈게요~ 츠하로시마 2026.04.30 만렙 확장 될 때 아직 남은 저렙 퀘스트 삭제 하지만 말아주세요 삭제 하지만 말아주세요 예를 들면 슬리피우드 같은 곳 말이죠 만지 발록 퀘스트 같은 것들. 이미 마을마다 있던 퀘는 다 사라졌으니...그 남은 퀘스트들 때문에 버티고 키울 수 있다고요;;;;;;;; 마땡골땡 2026.04.30 소울은 언제해요??? 다음주에 소울도 해주세요 여즈니 2026.04.30 뭐긴뭐야 285작하라는거지 붉은눈빛매화 2026.04.30 진짜 뭐지? 진짜 만렙 확장있나? 경험치 썬데이 자주하네? 전포산탄 2026.04.30 몬파 계속 주고 성비 뿌리는거 보면 조만간 레벨 관련 뭐 만지겠네 1 ( 0 /200) 등록 [어린이날] 메이플 몬스터즈 2026.04.30 (목) ~ 2026.05.06 (수) 썬데이 메이플 2026.05.03 (일) ~ 2026.05.03 (일) [사냥 이벤트] 악몽의 메아리 2026.04.16 (목) ~ 2026.06.17 (수) 프리미엄PC방 접속보상 이벤트 2026.04.17 (금) ~ 2026.05.14 (목) HAPPY MAPLE DAY in LotteWorld 2026.04.09 (목) ~ 2026.04.30 (목) 진의 신비한 정원 2026.03.23 (월) ~ 2026.05.13 (수) [체인지 버닝] 루시드 2026.03.19 (목) ~ 2026.06.17 (수) [출석 이벤트] 마스코트 퍼레이드 2026.03.19 (목) ~ 2026.06.17 (수) [체인지 버닝] 루시드 드림 2026.03.19 (목) ~ 2026.06.17 (수) [체인지 버닝] 몽환의 장비 & 몽환의 결정 2026.03.19 (목) ~ 2026.06.17 (수) [체인지 버닝] 악몽의 숲 2026.03.19 (목) ~ 2026.06.17 (수) [체인지 버닝] 몽환의 시련 2026.03.19 (목) ~ 2026.06.17 (수) [체인지 버닝] 드림 샤드샵 2026.03.19 (목) ~ 2026.06.17 (수) [이벤트 스킬] 메이플 스위츠 2026.03.19 (목) ~ 2026.06.17 (수) [이벤트 샵] 기프트 티켓 상점 2026.03.19 (목) ~ 2026.06.17 (수) 하이퍼 버닝 부스터를 드려요! 2026.03.19 (목) ~ 2026.06.17 (수) 하이퍼 버닝 MAX 2025.12.18 (목) ~ 2026.06.17 (수) 버닝 BEYOND 2025.12.18 (목) ~ 2026.06.17 (수) VIP 사우나 2025.12.18 (목) ~ 2026.06.17 (수)"
official_event_689ad5c76245,썬데이 메이플,https://maplestory.nexon.com/News/Event/Ongoing/1315,official_event_689ad5c76245::chunk::0,0,0,1613,"댓글 22 팔라딘SK 2026.05.03 평일 100퍼가 왜들어가는거지.... 하이블링희 2026.05.02 ■ 넥슨캐시 30,000원 짜리 1개씩 공짜로 받아가세영!! 유튜브 -> 나눔수진 검색 // 댓글창 최신순 누르고 맨 밑 보시면 있어요! 무조건 1인 1개 공짜니 받아가세영! 렌nei 2026.05.01 스타포스 10성이하 1+1 삭제됐나요? 반년이 다 되어 가는데 샤타만 하고 1+1은 없네요. 부캐 스타포스 12성 올리는건 샤타보다 1+1이 더 싼데 그냥 샤타때 해야되나 erereror 2026.05.01 창섭이형 미라클데이 언제야 나 제네무기 아직 유니크야 ㅠ 천매운화 2026.05.01 오케이 295 갈게요~ 츠하로시마 2026.04.30 만렙 확장 될 때 아직 남은 저렙 퀘스트 삭제 하지만 말아주세요 삭제 하지만 말아주세요 예를 들면 슬리피우드 같은 곳 말이죠 만지 발록 퀘스트 같은 것들. 이미 마을마다 있던 퀘는 다 사라졌으니...그 남은 퀘스트들 때문에 버티고 키울 수 있다고요;;;;;;;; 마땡골땡 2026.04.30 소울은 언제해요??? 다음주에 소울도 해주세요 여즈니 2026.04.30 뭐긴뭐야 285작하라는거지 붉은눈빛매화 2026.04.30 진짜 뭐지? 진짜 만렙 확장있나? 경험치 썬데이 자주하네? 전포산탄 2026.04.30 몬파 계속 주고 성비 뿌리는거 보면 조만간 레벨 관련 뭐 만지겠네 1 ( 0 /200) 등록 [어린이날] 메이플 몬스터즈 2026.04.30 (목) ~ 2026.05.06 (수) 썬데이 메이플 2026.05.03 (일) ~ 2026.05.03 (일) [사냥 이벤트] 악몽의 메아리 2026.04.16 (목) ~ 2026.06.17 (수) 프리미엄PC방 접속보상 이벤트 2026.04.17 (금) ~ 2026.05.14 (목) HAPPY MAPLE DAY in LotteWorld 2026.04.09 (목) ~ 2026.04.30 (목) 진의 신비한 정원 2026.03.23 (월) ~ 2026.05.13 (수) [체인지 버닝] 루시드 2026.03.19 (목) ~ 2026.06.17 (수) [출석 이벤트] 마스코트 퍼레이드 2026.03.19 (목) ~ 2026.06.17 (수) [체인지 버닝] 루시드 드림 2026.03.19 (목) ~ 2026.06.17 (수) [체인지 버닝] 몽환의 장비 & 몽환의 결정 2026.03.19 (목) ~ 2026.06.17 (수) [체인지 버닝] 악몽의 숲 2026.03.19 (목) ~ 2026.06.17 (수) [체인지 버닝] 몽환의 시련 2026.03.19 (목) ~ 2026.06.17 (수) [체인지 버닝] 드림 샤드샵 2026.03.19 (목) ~ 2026.06.17 (수) [이벤트 스킬] 메이플 스위츠 2026.03.19 (목) ~ 2026.06.17 (수) [이벤트 샵] 기프트 티켓 상점 2026.03.19 (목) ~ 2026.06.17 (수) 하이퍼 버닝 부스터를 드려요! 2026.03.19 (목) ~ 2026.06.17 (수) 하이퍼 버닝 MAX 2025.12.18 (목) ~ 2026.06.17 (수) 버닝 BEYOND 2025.12.18 (목) ~ 2026.06.17 (수) VIP 사우나 2025.12.18 (목) ~ 2026.06.17 (수)"
official_event_421c288ef573,하이퍼 버닝 부스터를 드려요!,https://maplestory.nexon.com/News/Event/Ongoing/1290,official_event_421c288ef573::chunk::0,0,0,1428,댓글 13 lnt6 2026.04.07 고객센터 문의해도 위반된게 있는지 검토 하겠다 이런 답변만 오는데 넥슨 이벤트인거마냥 넥슨을 사칭해서 사기치는게 위반되는지 검토가 필요한 일인가? 이정도면 불법토토랑 성인광고 홍보해도 방치하고 검토만 하겠다? 이쯤 되면 저 광고충보다 고객센터가 더 문제같은데 아니 둘이 동일인인가? 3대100종원 2026.03.23 하이퍼 버닝으로 200은 그냥 넘어가고 카루타 세트까지 주는데 블랙셋이 의미가 있을까 차라리 에픽 보조무기 하나만 툭 던저줘도 괜찮을듯? 새벽수첩 2026.03.20 보스 장신구 빼먹었네 코난마법사 2026.03.19 제발 기간제카루타셋좀...무제한으로 바꿔줘라 저거 갈아끼우기 귀찮다고... 붉은눈빛매화 2026.03.19 방학 때는 기존 버닝 보상 개편되서 들어오려나? 코죠사토류 2026.03.19 옵빠~ 찐빵345 2026.03.19 4등 홍이베베 2026.03.19 3빠 야쿠네렌 2026.03.19 22 코넬석사생 2026.03.19 1빠 1 ( 0 /200) 등록 [어린이날] 메이플 몬스터즈 2026.04.30 (목) ~ 2026.05.06 (수) 썬데이 메이플 2026.05.03 (일) ~ 2026.05.03 (일) [사냥 이벤트] 악몽의 메아리 2026.04.16 (목) ~ 2026.06.17 (수) 프리미엄PC방 접속보상 이벤트 2026.04.17 (금) ~ 2026.05.14 (목) HAPPY MAPLE DAY in LotteWorld 2026.04.09 (목) ~ 2026.04.30 (목) 진의 신비한 정원 2026.03.23 (월) ~ 2026.05.13 (수) [체인지 버닝] 루시드 2026.03.19 (목) ~ 2026.06.17 (수) [출석 이벤트] 마스코트 퍼레이드 2026.03.19 (목) ~ 2026.06.17 (수) [체인지 버닝] 루시드 드림 2026.03.19 (목) ~ 2026.06.17 (수) [체인지 버닝] 몽환의 장비 & 몽환의 결정 2026.03.19 (목) ~ 2026.06.17 (수) [체인지 버닝] 악몽의 숲 2026.03.19 (목) ~ 2026.06.17 (수) [체인지 버닝] 몽환의 시련 2026.03.19 (목) ~ 2026.06.17 (수) [체인지 버닝] 드림 샤드샵 2026.03.19 (목) ~ 2026.06.17 (수) [이벤트 스킬] 메이플 스위츠 2026.03.19 (목) ~ 2026.06.17 (수) [이벤트 샵] 기프트 티켓 상점 2026.03.19 (목) ~ 2026.06.17 (수) 하이퍼 버닝 부스터를 드려요! 2026.03.19 (목) ~ 2026.06.17 (수) 하이퍼 버닝 MAX 2025.12.18 (목) ~ 2026.06.17 (수) 버닝 BEYOND 2025.12.18 (목) ~ 2026.06.17 (수) VIP 사우나 2025.12.18 (목) ~ 2026.06.17 (수)
official_event_bfdbc2710ee1,하이퍼 버닝 부스터를 드려요!,https://maplestory.nexon.com/News/Event/1290,official_event_bfdbc2710ee1::chunk::0,0,0,1428,댓글 13 lnt6 2026.04.07 고객센터 문의해도 위반된게 있는지 검토 하겠다 이런 답변만 오는데 넥슨 이벤트인거마냥 넥슨을 사칭해서 사기치는게 위반되는지 검토가 필요한 일인가? 이정도면 불법토토랑 성인광고 홍보해도 방치하고 검토만 하겠다? 이쯤 되면 저 광고충보다 고객센터가 더 문제같은데 아니 둘이 동일인인가? 3대100종원 2026.03.23 하이퍼 버닝으로 200은 그냥 넘어가고 카루타 세트까지 주는데 블랙셋이 의미가 있을까 차라리 에픽 보조무기 하나만 툭 던저줘도 괜찮을듯? 새벽수첩 2026.03.20 보스 장신구 빼먹었네 코난마법사 2026.03.19 제발 기간제카루타셋좀...무제한으로 바꿔줘라 저거 갈아끼우기 귀찮다고... 붉은눈빛매화 2026.03.19 방학 때는 기존 버닝 보상 개편되서 들어오려나? 코죠사토류 2026.03.19 옵빠~ 찐빵345 2026.03.19 4등 홍이베베 2026.03.19 3빠 야쿠네렌 2026.03.19 22 코넬석사생 2026.03.19 1빠 1 ( 0 /200) 등록 [어린이날] 메이플 몬스터즈 2026.04.30 (목) ~ 2026.05.06 (수) 썬데이 메이플 2026.05.03 (일) ~ 2026.05.03 (일) [사냥 이벤트] 악몽의 메아리 2026.04.16 (목) ~ 2026.06.17 (수) 프리미엄PC방 접속보상 이벤트 2026.04.17 (금) ~ 2026.05.14 (목) HAPPY MAPLE DAY in LotteWorld 2026.04.09 (목) ~ 2026.04.30 (목) 진의 신비한 정원 2026.03.23 (월) ~ 2026.05.13 (수) [체인지 버닝] 루시드 2026.03.19 (목) ~ 2026.06.17 (수) [출석 이벤트] 마스코트 퍼레이드 2026.03.19 (목) ~ 2026.06.17 (수) [체인지 버닝] 루시드 드림 2026.03.19 (목) ~ 2026.06.17 (수) [체인지 버닝] 몽환의 장비 & 몽환의 결정 2026.03.19 (목) ~ 2026.06.17 (수) [체인지 버닝] 악몽의 숲 2026.03.19 (목) ~ 2026.06.17 (수) [체인지 버닝] 몽환의 시련 2026.03.19 (목) ~ 2026.06.17 (수) [체인지 버닝] 드림 샤드샵 2026.03.19 (목) ~ 2026.06.17 (수) [이벤트 스킬] 메이플 스위츠 2026.03.19 (목) ~ 2026.06.17 (수) [이벤트 샵] 기프트 티켓 상점 2026.03.19 (목) ~ 2026.06.17 (수) 하이퍼 버닝 부스터를 드려요! 2026.03.19 (목) ~ 2026.06.17 (수) 하이퍼 버닝 MAX 2025.12.18 (목) ~ 2026.06.17 (수) 버닝 BEYOND 2025.12.18 (목) ~ 2026.06.17 (수) VIP 사우나 2025.12.18 (목) ~ 2026.06.17 (수)
official_event_53725936a305,진의 신비한 정원,https://maplestory.nexon.com/News/Event/Ongoing/1301,official_event_53725936a305::chunk::0,0,0,1800,"댓글 25 lnt6 2026.04.08 광고충 왜 정지 안시킴?광고충 왜 정지 안시킴?광고충 왜 정지 안시킴?광고충 왜 정지 안시킴?광고충 왜 정지 안시킴?광고충 왜 정지 안시킴?광고충 왜 정지 안시킴?광고충 왜 정지 안시킴?광고충 왜 정지 안시킴?광고충 왜 정지 안시킴?광고충 왜 정지 안시킴?광고충 왜 정지 안시킴?광고충 왜 정지 안시킴?광고충 왜 정지 안시킴?광고충 왜 정지 안시킴? lnt6 2026.04.07 저 광고충 치워달라는 댓글 실시간으로 사라지는걸 보네 근데 저 광고충 댓글은 왜 남아있는거냐? 왜 광고충 치워달라는 댓글은 지우고 광고충 댓글은 냅두는거지? lnt6 2026.04.07 3년째 저러고 있으면 명의 정지 좀 쳐 시켜라 운영약관에도 있는 내용인데 왜 방치하는건데 블랙인워커 2026.04.04 주사위 더 주세요.. Aoarashi 2026.03.31 숭배하겠습니다 JLJLJL 이번 이벤트 덕분에 뉴비 최초로 260렙 달성했습니다 . . . 내성좀주세용 2026.03.30 김석진 대석진 겜주님 BTS 아리랑 화이팅!! 낑꿍잉 2026.03.29 23주년..20대땐 8시간도 거뜬했는데 30넘으니깐 3시간 하기도 힘들구낭 콜록 ㅜㅜ요놈의 디스크 ..기어가 코앞인데 ㅜㅜ 같이 나이 먹는데 나만 아푸냐 ㅜㅜ 골골.. 천둥번개02 2026.03.29 틱톡 추천코드 먹튀(초대 후 약속된 돈을 주지 않는 행위)는 사기죄로 고소 가능합니다. 금전적 약속을 어긴 행위는 피해자의 재산상 처분행위 및 손해 발생으로 인정되어 형사 처벌 대상이 될 수 있습니 나눔수진 사기죄 처벌된다 해적제이지 2026.03.28 신 석 진 택헤어대박 2026.03.23 즐거운 정원 이벤트~~ 머리는 광주미용실""택헤어""에서 이쁜머리하세요! 네이버 인스타 검색 고고 즐메~ 1 2 ( 0 /200) 등록 [어린이날] 메이플 몬스터즈 2026.04.30 (목) ~ 2026.05.06 (수) 썬데이 메이플 2026.05.03 (일) ~ 2026.05.03 (일) [사냥 이벤트] 악몽의 메아리 2026.04.16 (목) ~ 2026.06.17 (수) 프리미엄PC방 접속보상 이벤트 2026.04.17 (금) ~ 2026.05.14 (목) HAPPY MAPLE DAY in LotteWorld 2026.04.09 (목) ~ 2026.04.30 (목) 진의 신비한 정원 2026.03.23 (월) ~ 2026.05.13 (수) [체인지 버닝] 루시드 2026.03.19 (목) ~ 2026.06.17 (수) [출석 이벤트] 마스코트 퍼레이드 2026.03.19 (목) ~ 2026.06.17 (수) [체인지 버닝] 루시드 드림 2026.03.19 (목) ~ 2026.06.17 (수) [체인지 버닝] 몽환의 장비 & 몽환의 결정 2026.03.19 (목) ~ 2026.06.17 (수) [체인지 버닝] 악몽의 숲 2026.03.19 (목) ~ 2026.06.17 (수) [체인지 버닝] 몽환의 시련 2026.03.19 (목) ~ 2026.06.17 (수) [체인지 버닝] 드림 샤드샵 2026.03.19 (목) ~ 2026.06.17 (수) [이벤트 스킬] 메이플 스위츠 2026.03.19 (목) ~ 2026.06.17 (수) [이벤트 샵] 기프트 티켓 상점 2026.03.19 (목) ~ 2026.06.17 (수) 하이퍼 버닝 부스터를 드려요! 2026.03.19 (목) ~ 2026.06.17 (수) 하이퍼 버닝 MAX 2025.12.18 (목) ~ 2026.06.17 (수) 버닝 BEYOND 2025.12.18 (목) ~ 2026.06.17 (수) VIP 사우나 2025.12.18 (목) ~ 2026.06.17"
official_event_6d98b86290c0,진의 신비한 정원,https://maplestory.nexon.com/News/Event/1301,official_event_6d98b86290c0::chunk::0,0,0,1800,"댓글 25 lnt6 2026.04.08 광고충 왜 정지 안시킴?광고충 왜 정지 안시킴?광고충 왜 정지 안시킴?광고충 왜 정지 안시킴?광고충 왜 정지 안시킴?광고충 왜 정지 안시킴?광고충 왜 정지 안시킴?광고충 왜 정지 안시킴?광고충 왜 정지 안시킴?광고충 왜 정지 안시킴?광고충 왜 정지 안시킴?광고충 왜 정지 안시킴?광고충 왜 정지 안시킴?광고충 왜 정지 안시킴?광고충 왜 정지 안시킴? lnt6 2026.04.07 저 광고충 치워달라는 댓글 실시간으로 사라지는걸 보네 근데 저 광고충 댓글은 왜 남아있는거냐? 왜 광고충 치워달라는 댓글은 지우고 광고충 댓글은 냅두는거지? lnt6 2026.04.07 3년째 저러고 있으면 명의 정지 좀 쳐 시켜라 운영약관에도 있는 내용인데 왜 방치하는건데 블랙인워커 2026.04.04 주사위 더 주세요.. Aoarashi 2026.03.31 숭배하겠습니다 JLJLJL 이번 이벤트 덕분에 뉴비 최초로 260렙 달성했습니다 . . . 내성좀주세용 2026.03.30 김석진 대석진 겜주님 BTS 아리랑 화이팅!! 낑꿍잉 2026.03.29 23주년..20대땐 8시간도 거뜬했는데 30넘으니깐 3시간 하기도 힘들구낭 콜록 ㅜㅜ요놈의 디스크 ..기어가 코앞인데 ㅜㅜ 같이 나이 먹는데 나만 아푸냐 ㅜㅜ 골골.. 천둥번개02 2026.03.29 틱톡 추천코드 먹튀(초대 후 약속된 돈을 주지 않는 행위)는 사기죄로 고소 가능합니다. 금전적 약속을 어긴 행위는 피해자의 재산상 처분행위 및 손해 발생으로 인정되어 형사 처벌 대상이 될 수 있습니 나눔수진 사기죄 처벌된다 해적제이지 2026.03.28 신 석 진 택헤어대박 2026.03.23 즐거운 정원 이벤트~~ 머리는 광주미용실""택헤어""에서 이쁜머리하세요! 네이버 인스타 검색 고고 즐메~ 1 2 ( 0 /200) 등록 [어린이날] 메이플 몬스터즈 2026.04.30 (목) ~ 2026.05.06 (수) 썬데이 메이플 2026.05.03 (일) ~ 2026.05.03 (일) [사냥 이벤트] 악몽의 메아리 2026.04.16 (목) ~ 2026.06.17 (수) 프리미엄PC방 접속보상 이벤트 2026.04.17 (금) ~ 2026.05.14 (목) HAPPY MAPLE DAY in LotteWorld 2026.04.09 (목) ~ 2026.04.30 (목) 진의 신비한 정원 2026.03.23 (월) ~ 2026.05.13 (수) [체인지 버닝] 루시드 2026.03.19 (목) ~ 2026.06.17 (수) [출석 이벤트] 마스코트 퍼레이드 2026.03.19 (목) ~ 2026.06.17 (수) [체인지 버닝] 루시드 드림 2026.03.19 (목) ~ 2026.06.17 (수) [체인지 버닝] 몽환의 장비 & 몽환의 결정 2026.03.19 (목) ~ 2026.06.17 (수) [체인지 버닝] 악몽의 숲 2026.03.19 (목) ~ 2026.06.17 (수) [체인지 버닝] 몽환의 시련 2026.03.19 (목) ~ 2026.06.17 (수) [체인지 버닝] 드림 샤드샵 2026.03.19 (목) ~ 2026.06.17 (수) [이벤트 스킬] 메이플 스위츠 2026.03.19 (목) ~ 2026.06.17 (수) [이벤트 샵] 기프트 티켓 상점 2026.03.19 (목) ~ 2026.06.17 (수) 하이퍼 버닝 부스터를 드려요! 2026.03.19 (목) ~ 2026.06.17 (수) 하이퍼 버닝 MAX 2025.12.18 (목) ~ 2026.06.17 (수) 버닝 BEYOND 2025.12.18 (목) ~ 2026.06.17 (수) VIP 사우나 2025.12.18 (목) ~ 2026.06.17"
official_event_bfd048637085,수정 [체인지 버닝] 악몽의 숲,https://maplestory.nexon.com/News/Event/Ongoing/1295,official_event_bfd048637085::chunk::0,0,0,1333,보상 획득 가능 시간 안내를 2분으로 수정하였습니다. (2026 년 3 월 30 일 (월 ) 오후 5 시 15분 수정 ) -------------------------------------------------------- 댓글 7 예쁜마녀 2026.04.07 아 2단계때 시작하자 마자 유니크 나오길래 잘나오는건가 했더니 3단계때 유니크 몇번 못보네.... 레전 볼수 있는건가.. 클린skin원해 2026.04.04 엠뒤 확률 주작겜 유니크 3주차인데도 1번도 못봤다 겜안분 **가 겜만들어서 그런가 말랑단라라 2026.03.22 ↓ 이런 댓 쓰는 계정은 넥슨 단위에서 명의 영정 먹이면 안되나 붉은눈빛매화 2026.03.19 해당 컨텐츠로 에픽 빔 이외 유니크 빔과 레전더리 빔 처음으로 구경하네 취검장지평 2026.03.19 1등 1 ( 0 /200) 등록 [어린이날] 메이플 몬스터즈 2026.04.30 (목) ~ 2026.05.06 (수) 썬데이 메이플 2026.05.03 (일) ~ 2026.05.03 (일) [사냥 이벤트] 악몽의 메아리 2026.04.16 (목) ~ 2026.06.17 (수) 프리미엄PC방 접속보상 이벤트 2026.04.17 (금) ~ 2026.05.14 (목) HAPPY MAPLE DAY in LotteWorld 2026.04.09 (목) ~ 2026.04.30 (목) 진의 신비한 정원 2026.03.23 (월) ~ 2026.05.13 (수) [체인지 버닝] 루시드 2026.03.19 (목) ~ 2026.06.17 (수) [출석 이벤트] 마스코트 퍼레이드 2026.03.19 (목) ~ 2026.06.17 (수) [체인지 버닝] 루시드 드림 2026.03.19 (목) ~ 2026.06.17 (수) [체인지 버닝] 몽환의 장비 & 몽환의 결정 2026.03.19 (목) ~ 2026.06.17 (수) [체인지 버닝] 악몽의 숲 2026.03.19 (목) ~ 2026.06.17 (수) [체인지 버닝] 몽환의 시련 2026.03.19 (목) ~ 2026.06.17 (수) [체인지 버닝] 드림 샤드샵 2026.03.19 (목) ~ 2026.06.17 (수) [이벤트 스킬] 메이플 스위츠 2026.03.19 (목) ~ 2026.06.17 (수) [이벤트 샵] 기프트 티켓 상점 2026.03.19 (목) ~ 2026.06.17 (수) 하이퍼 버닝 부스터를 드려요! 2026.03.19 (목) ~ 2026.06.17 (수) 하이퍼 버닝 MAX 2025.12.18 (목) ~ 2026.06.17 (수) 버닝 BEYOND 2025.12.18 (목) ~ 2026.06.17 (수) VIP 사우나 2025.12.18 (목) ~ 2026.06.17 (수)
official_event_6e244d0334be,수정 [체인지 버닝] 악몽의 숲,https://maplestory.nexon.com/News/Event/1295,official_event_6e244d0334be::chunk::0,0,0,1333,보상 획득 가능 시간 안내를 2분으로 수정하였습니다. (2026 년 3 월 30 일 (월 ) 오후 5 시 15분 수정 ) -------------------------------------------------------- 댓글 7 예쁜마녀 2026.04.07 아 2단계때 시작하자 마자 유니크 나오길래 잘나오는건가 했더니 3단계때 유니크 몇번 못보네.... 레전 볼수 있는건가.. 클린skin원해 2026.04.04 엠뒤 확률 주작겜 유니크 3주차인데도 1번도 못봤다 겜안분 **가 겜만들어서 그런가 말랑단라라 2026.03.22 ↓ 이런 댓 쓰는 계정은 넥슨 단위에서 명의 영정 먹이면 안되나 붉은눈빛매화 2026.03.19 해당 컨텐츠로 에픽 빔 이외 유니크 빔과 레전더리 빔 처음으로 구경하네 취검장지평 2026.03.19 1등 1 ( 0 /200) 등록 [어린이날] 메이플 몬스터즈 2026.04.30 (목) ~ 2026.05.06 (수) 썬데이 메이플 2026.05.03 (일) ~ 2026.05.03 (일) [사냥 이벤트] 악몽의 메아리 2026.04.16 (목) ~ 2026.06.17 (수) 프리미엄PC방 접속보상 이벤트 2026.04.17 (금) ~ 2026.05.14 (목) HAPPY MAPLE DAY in LotteWorld 2026.04.09 (목) ~ 2026.04.30 (목) 진의 신비한 정원 2026.03.23 (월) ~ 2026.05.13 (수) [체인지 버닝] 루시드 2026.03.19 (목) ~ 2026.06.17 (수) [출석 이벤트] 마스코트 퍼레이드 2026.03.19 (목) ~ 2026.06.17 (수) [체인지 버닝] 루시드 드림 2026.03.19 (목) ~ 2026.06.17 (수) [체인지 버닝] 몽환의 장비 & 몽환의 결정 2026.03.19 (목) ~ 2026.06.17 (수) [체인지 버닝] 악몽의 숲 2026.03.19 (목) ~ 2026.06.17 (수) [체인지 버닝] 몽환의 시련 2026.03.19 (목) ~ 2026.06.17 (수) [체인지 버닝] 드림 샤드샵 2026.03.19 (목) ~ 2026.06.17 (수) [이벤트 스킬] 메이플 스위츠 2026.03.19 (목) ~ 2026.06.17 (수) [이벤트 샵] 기프트 티켓 상점 2026.03.19 (목) ~ 2026.06.17 (수) 하이퍼 버닝 부스터를 드려요! 2026.03.19 (목) ~ 2026.06.17 (수) 하이퍼 버닝 MAX 2025.12.18 (목) ~ 2026.06.17 (수) 버닝 BEYOND 2025.12.18 (목) ~ 2026.06.17 (수) VIP 사우나 2025.12.18 (목) ~ 2026.06.17 (수)
official_event_c32e0ec51806,[어린이날] 메이플 몬스터즈,https://maplestory.nexon.com/News/Event/1316,official_event_c32e0ec51806::chunk::0,0,0,1535,"댓글 19 하이블링희 2026.05.02 ■ 넥슨캐시 30,000원 짜리 1개씩 공짜로 받아가셔영!! 유튜브 -> 나눔수진 검색 // 댓글창 최신순 누르고 맨 밑 보시면 있어요! 무조건 1인 1개 공짜니 받아가세영! E6E6E6 2026.05.02 게임오버될 때 소리가 너무 커서 깜짝깜짝 놀라여 ㅠ 소리 줄여도 너무 큼.. 프티넘 2026.05.01 누적이니까 그냥 광클하면 모든 보상 받을 수 있는 거 아닌가요? 그러면 뭔가 제제가 있나요? 아무 말 없어서 일단 광클 중 이긴 한데 은월slfsh 2026.05.01 핑크빈 2개 사라지는것까지 룰은 똑같네 Daisy포피 2026.04.30 3만점 어찌하냐... 세나하는엔버 2026.04.30 사우나에서 몸 지지면서 하면 사우나 시간 다됐다고 쫓겨날 때 게임 꺼지면서 기록 사라지니까 주의하세요... 츠하로시마 2026.04.30 1등인가? 핑크빈하고 핑크빈이 합쳐지면 어떻게 되는 건가요??? 거대 핑크빈??? 그리고 꽉 차고 게임 오버? 왠지 궁금한데...핑크빈은 만들어봤는데 핑크빈 끼리는 못 합쳐봤어요 합쳐보신 분? 모서농협 2026.04.30 탁월한 유기농 식물 살균제 '전용1호 벨레젠스' 많은사랑 부탁드려요! 네이버 스토어 할인중 1 ( 0 /200) 등록 [어린이날] 메이플 몬스터즈 2026.04.30 (목) ~ 2026.05.06 (수) 썬데이 메이플 2026.05.03 (일) ~ 2026.05.03 (일) [사냥 이벤트] 악몽의 메아리 2026.04.16 (목) ~ 2026.06.17 (수) 프리미엄PC방 접속보상 이벤트 2026.04.17 (금) ~ 2026.05.14 (목) HAPPY MAPLE DAY in LotteWorld 2026.04.09 (목) ~ 2026.04.30 (목) 진의 신비한 정원 2026.03.23 (월) ~ 2026.05.13 (수) [체인지 버닝] 루시드 2026.03.19 (목) ~ 2026.06.17 (수) [출석 이벤트] 마스코트 퍼레이드 2026.03.19 (목) ~ 2026.06.17 (수) [체인지 버닝] 루시드 드림 2026.03.19 (목) ~ 2026.06.17 (수) [체인지 버닝] 몽환의 장비 & 몽환의 결정 2026.03.19 (목) ~ 2026.06.17 (수) [체인지 버닝] 악몽의 숲 2026.03.19 (목) ~ 2026.06.17 (수) [체인지 버닝] 몽환의 시련 2026.03.19 (목) ~ 2026.06.17 (수) [체인지 버닝] 드림 샤드샵 2026.03.19 (목) ~ 2026.06.17 (수) [이벤트 스킬] 메이플 스위츠 2026.03.19 (목) ~ 2026.06.17 (수) [이벤트 샵] 기프트 티켓 상점 2026.03.19 (목) ~ 2026.06.17 (수) 하이퍼 버닝 부스터를 드려요! 2026.03.19 (목) ~ 2026.06.17 (수) 하이퍼 버닝 MAX 2025.12.18 (목) ~ 2026.06.17 (수) 버닝 BEYOND 2025.12.18 (목) ~ 2026.06.17 (수) VIP 사우나 2025.12.18 (목) ~ 2026.06.17 (수)"
official_event_5747597ba6f8,[어린이날] 메이플 몬스터즈,https://maplestory.nexon.com/News/Event/Ongoing/1316,official_event_5747597ba6f8::chunk::0,0,0,1535,"댓글 19 하이블링희 2026.05.02 ■ 넥슨캐시 30,000원 짜리 1개씩 공짜로 받아가셔영!! 유튜브 -> 나눔수진 검색 // 댓글창 최신순 누르고 맨 밑 보시면 있어요! 무조건 1인 1개 공짜니 받아가세영! E6E6E6 2026.05.02 게임오버될 때 소리가 너무 커서 깜짝깜짝 놀라여 ㅠ 소리 줄여도 너무 큼.. 프티넘 2026.05.01 누적이니까 그냥 광클하면 모든 보상 받을 수 있는 거 아닌가요? 그러면 뭔가 제제가 있나요? 아무 말 없어서 일단 광클 중 이긴 한데 은월slfsh 2026.05.01 핑크빈 2개 사라지는것까지 룰은 똑같네 Daisy포피 2026.04.30 3만점 어찌하냐... 세나하는엔버 2026.04.30 사우나에서 몸 지지면서 하면 사우나 시간 다됐다고 쫓겨날 때 게임 꺼지면서 기록 사라지니까 주의하세요... 츠하로시마 2026.04.30 1등인가? 핑크빈하고 핑크빈이 합쳐지면 어떻게 되는 건가요??? 거대 핑크빈??? 그리고 꽉 차고 게임 오버? 왠지 궁금한데...핑크빈은 만들어봤는데 핑크빈 끼리는 못 합쳐봤어요 합쳐보신 분? 모서농협 2026.04.30 탁월한 유기농 식물 살균제 '전용1호 벨레젠스' 많은사랑 부탁드려요! 네이버 스토어 할인중 1 ( 0 /200) 등록 [어린이날] 메이플 몬스터즈 2026.04.30 (목) ~ 2026.05.06 (수) 썬데이 메이플 2026.05.03 (일) ~ 2026.05.03 (일) [사냥 이벤트] 악몽의 메아리 2026.04.16 (목) ~ 2026.06.17 (수) 프리미엄PC방 접속보상 이벤트 2026.04.17 (금) ~ 2026.05.14 (목) HAPPY MAPLE DAY in LotteWorld 2026.04.09 (목) ~ 2026.04.30 (목) 진의 신비한 정원 2026.03.23 (월) ~ 2026.05.13 (수) [체인지 버닝] 루시드 2026.03.19 (목) ~ 2026.06.17 (수) [출석 이벤트] 마스코트 퍼레이드 2026.03.19 (목) ~ 2026.06.17 (수) [체인지 버닝] 루시드 드림 2026.03.19 (목) ~ 2026.06.17 (수) [체인지 버닝] 몽환의 장비 & 몽환의 결정 2026.03.19 (목) ~ 2026.06.17 (수) [체인지 버닝] 악몽의 숲 2026.03.19 (목) ~ 2026.06.17 (수) [체인지 버닝] 몽환의 시련 2026.03.19 (목) ~ 2026.06.17 (수) [체인지 버닝] 드림 샤드샵 2026.03.19 (목) ~ 2026.06.17 (수) [이벤트 스킬] 메이플 스위츠 2026.03.19 (목) ~ 2026.06.17 (수) [이벤트 샵] 기프트 티켓 상점 2026.03.19 (목) ~ 2026.06.17 (수) 하이퍼 버닝 부스터를 드려요! 2026.03.19 (목) ~ 2026.06.17 (수) 하이퍼 버닝 MAX 2025.12.18 (목) ~ 2026.06.17 (수) 버닝 BEYOND 2025.12.18 (목) ~ 2026.06.17 (수) VIP 사우나 2025.12.18 (목) ~ 2026.06.17 (수)"
official_event_e0c0deb54884,[체인지 버닝] 루시드,https://maplestory.nexon.com/News/Event/Ongoing/1299,official_event_e0c0deb54884::chunk::0,0,0,1800,"댓글 52 자두보두 2026.05.01 변경 왜 안되냐 ** **같은 게임 **같은 이벤트하네 달림OI 2026.04.18 제발 1회 변경 가능하게 해주세요.. 복귀유저인데 쓸데없는 캐릭터만 버닝하고, 졸지에 2캐릭 버겁게 해야하는 상황이에요.. 제발 개선좀 해주세요... 복귀하자마자 다시 하기 싫어지는건 처음이에요... 챌린저스 닫기 2주전에 시작해서 뭐 바꾸지도 못하고...270짜리 없으면 유니온이고 뭐고 다 낮아지고...제발 루시드 바꾸게 해주세요... 1번이라도요 왕두수 2026.04.16 복귀할라다 체인지버닝 안바껴서 다시접을게용 코난마법사 2026.04.16 1회변경할수있게좀 해주세요 제에발;; 절대공역 2026.04.15 루시드 한손으로 딸깎사냥하는데 뭔 평소 사냥보다 신경이 더쓰여 ㅋㅋㅋㅋㅋㅋㅋㅋㅋ 택헤어대박 2026.04.15 즐거운 루시드 이벤트~ 머리는 광주미용실""택헤어""에서 이쁜머라하세요! 네이버 인스타 검색 고고 모두들 즐메하세요 ^^ 로걜 2026.04.14 잘못 지정 할 일이 있나 걍 잘 읽고 선택하면되지 읽지도 않고 지 맘대로 후다닥 하다가 손해보니까 빼액거리네 잘 읽고 해 찡찡거리지말고 하와와와왕 2026.04.09 이거 사냥 야누스30유저는 되려 역체감으로 엄청 불편해지는데 개선책으로 메소회수및 지속시간연장쿨타임 90초에서 50초로 줄이면 안될까요? 설치기3개는 지속시간길어서 좋은게아니라 자기가 원하는타이밍에 리필하는게 제일 큰 장점인데 루시드로 변신하면 퇴화하니까 사냥 적응이 도저히 안되네요 경험치주니깐 어쩔수없긴한데 평소보다 신경을 10배로 주고 사냥하려니.. lnt6 2026.04.08 광고충 왜 정지 안시킴?광고충 왜 정지 안시킴?광고충 왜 정지 안시킴?광고충ㅁ 왜 정지 안시킴?광고충 왜 정지 안시킴?광고충 왜 정지 안시킴?광고충 왜 정지 안시킴?광고충 왜 정지 안시킴?광고충 왜 정지 안시킴?광고충 왜 정지 안시킴?광고충 왜 정지 안시킴?광고충 왜 정지 안시킴?광고충 왜 정지 안시킴?광고충 왜 정지 안시킴?광고충 왜 정지 안시킴? lnt6 2026.04.07 저 광고충 ㅁ치워달라는 댓글 실시간으로 사라지는걸 보네 근데 저 광고충 댓글은 왜 남아있는거냐? 왜 광고충 치워달라는 댓글은 지우고 광고충 댓글은 냅두는거지? 1 2 3 4 5 ( 0 /200) 등록 [어린이날] 메이플 몬스터즈 2026.04.30 (목) ~ 2026.05.06 (수) 썬데이 메이플 2026.05.03 (일) ~ 2026.05.03 (일) [사냥 이벤트] 악몽의 메아리 2026.04.16 (목) ~ 2026.06.17 (수) 프리미엄PC방 접속보상 이벤트 2026.04.17 (금) ~ 2026.05.14 (목) HAPPY MAPLE DAY in LotteWorld 2026.04.09 (목) ~ 2026.04.30 (목) 진의 신비한 정원 2026.03.23 (월) ~ 2026.05.13 (수) [체인지 버닝] 루시드 2026.03.19 (목) ~ 2026.06.17 (수) [출석 이벤트] 마스코트 퍼레이드 2026.03.19 (목) ~ 2026.06.17 (수) [체인지 버닝] 루시드 드림 2026.03.19 (목) ~ 2026.06.17 (수) [체인지 버닝] 몽환의 장비 & 몽환의 결정 2026.03.19 (목) ~ 2026.06.17 (수) [체인지 버닝] 악몽의 숲 2026.03.19 (목) ~ 2026.06.17 (수) [체인지 버닝] 몽환의 시련 2026.03.19 (목) ~ 2026.06.17 (수) [체인지 버닝] 드림 샤드샵 2026.03.19 (목) ~ 2026.06.17 (수) [이벤트 스킬] 메이플 스위츠 2026.03.19 (목) "
official_event_b6b134bcab17,[체인지 버닝] 루시드,https://maplestory.nexon.com/News/Event/1299,official_event_b6b134bcab17::chunk::0,0,0,1800,"댓글 52 자두보두 2026.05.01 변경 왜 안되냐 ** **같은 게임 **같은 이벤트하네 달림OI 2026.04.18 제발 1회 변경 가능하게 해주세요.. 복귀유저인데 쓸데없는 캐릭터만 버닝하고, 졸지에 2캐릭 버겁게 해야하는 상황이에요.. 제발 개선좀 해주세요... 복귀하자마자 다시 하기 싫어지는건 처음이에요... 챌린저스 닫기 2주전에 시작해서 뭐 바꾸지도 못하고...270짜리 없으면 유니온이고 뭐고 다 낮아지고...제발 루시드 바꾸게 해주세요... 1번이라도요 왕두수 2026.04.16 복귀할라다 체인지버닝 안바껴서 다시접을게용 코난마법사 2026.04.16 1회변경할수있게좀 해주세요 제에발;; 절대공역 2026.04.15 루시드 한손으로 딸깎사냥하는데 뭔 평소 사냥보다 신경이 더쓰여 ㅋㅋㅋㅋㅋㅋㅋㅋㅋ 택헤어대박 2026.04.15 즐거운 루시드 이벤트~ 머리는 광주미용실""택헤어""에서 이쁜머라하세요! 네이버 인스타 검색 고고 모두들 즐메하세요 ^^ 로걜 2026.04.14 잘못 지정 할 일이 있나 걍 잘 읽고 선택하면되지 읽지도 않고 지 맘대로 후다닥 하다가 손해보니까 빼액거리네 잘 읽고 해 찡찡거리지말고 하와와와왕 2026.04.09 이거 사냥 야누스30유저는 되려 역체감으로 엄청 불편해지는데 개선책으로 메소회수및 지속시간연장쿨타임 90초에서 50초로 줄이면 안될까요? 설치기3개는 지속시간길어서 좋은게아니라 자기가 원하는타이밍에 리필하는게 제일 큰 장점인데 루시드로 변신하면 퇴화하니까 사냥 적응이 도저히 안되네요 경험치주니깐 어쩔수없긴한데 평소보다 신경을 10배로 주고 사냥하려니.. lnt6 2026.04.08 광고충 왜 정지 안시킴?광고충 왜 정지 안시킴?광고충 왜 정지 안시킴?광고충ㅁ 왜 정지 안시킴?광고충 왜 정지 안시킴?광고충 왜 정지 안시킴?광고충 왜 정지 안시킴?광고충 왜 정지 안시킴?광고충 왜 정지 안시킴?광고충 왜 정지 안시킴?광고충 왜 정지 안시킴?광고충 왜 정지 안시킴?광고충 왜 정지 안시킴?광고충 왜 정지 안시킴?광고충 왜 정지 안시킴? lnt6 2026.04.07 저 광고충 ㅁ치워달라는 댓글 실시간으로 사라지는걸 보네 근데 저 광고충 댓글은 왜 남아있는거냐? 왜 광고충 치워달라는 댓글은 지우고 광고충 댓글은 냅두는거지? 1 2 3 4 5 ( 0 /200) 등록 [어린이날] 메이플 몬스터즈 2026.04.30 (목) ~ 2026.05.06 (수) 썬데이 메이플 2026.05.03 (일) ~ 2026.05.03 (일) [사냥 이벤트] 악몽의 메아리 2026.04.16 (목) ~ 2026.06.17 (수) 프리미엄PC방 접속보상 이벤트 2026.04.17 (금) ~ 2026.05.14 (목) HAPPY MAPLE DAY in LotteWorld 2026.04.09 (목) ~ 2026.04.30 (목) 진의 신비한 정원 2026.03.23 (월) ~ 2026.05.13 (수) [체인지 버닝] 루시드 2026.03.19 (목) ~ 2026.06.17 (수) [출석 이벤트] 마스코트 퍼레이드 2026.03.19 (목) ~ 2026.06.17 (수) [체인지 버닝] 루시드 드림 2026.03.19 (목) ~ 2026.06.17 (수) [체인지 버닝] 몽환의 장비 & 몽환의 결정 2026.03.19 (목) ~ 2026.06.17 (수) [체인지 버닝] 악몽의 숲 2026.03.19 (목) ~ 2026.06.17 (수) [체인지 버닝] 몽환의 시련 2026.03.19 (목) ~ 2026.06.17 (수) [체인지 버닝] 드림 샤드샵 2026.03.19 (목) ~ 2026.06.17 (수) [이벤트 스킬] 메이플 스위츠 2026.03.19 (목) "
official_event_8a1f5248c184,[체인지 버닝] 몽환의 시련,https://maplestory.nexon.com/News/Event/1294,official_event_8a1f5248c184::chunk::0,0,0,1758,"댓글 20 유메긴가 2026.05.02 카링 안드로이드도 나왔으면좋겠다 aksdfa 2026.04.13 헬레나 언제나와!!!!!!!!!!!!!! lnt6 2026.04.08 광고충 왜 정지 안시킴?광고충 왜 정지 안시킴?광고충 왜 정지 안시킴?광고충 왜 정지 ㅁ안시킴?광고충 왜 정지 안시킴?광고충 왜 정지 안시킴?광고충 왜 정지 안시킴?광고충 왜 정지 안시킴?광고충 왜 정지 안시킴?광고충 왜 정지 안시킴?광고충 왜 정지 안시킴?광고충 왜 정지 안시킴?광고충 왜 정지 안시킴?광고충 왜 정지 안시킴?광고충 왜 정지 안시킴? lnt6 2026.04.07 고객센터 문의해도 위반된게 있는지 검토 하겠다 이런 답변만 오는데 넥슨 이벤트인거마냥 넥슨을 사칭해서 사기치는게 위반되는지 검토가 필요한 일인가? 이정도면 불법토토랑 성인광고 홍보해도 방치하고 검토만 하겠다? 이쯤 되면 저 광고충보다 고객센터가 더 문제같은데 아니 둘이 동일인인가? 귐디 2026.04.04 50렙에 레전장비, 레전 파츠 3개인데 루시드 1페 오리진 극딜 10%만 까지는데 이거 맞나요ㅋㅋ 보노보무 2026.04.03 아니 50레벨 루시드로 카벨을 못녹여... 거기다 나 레전 장비 하나도 있는데... 충분히 녹일 수준인데 왜 못녹이냐고!!!!!!! 보스 패치 긴급으로 해주던가 아니면 딜량이 기존 케릭이랑 포함해서 들어가게 변경하던가 좀 적용해줘 낭만쌤 2026.03.30 벨룸 난이도 개빡인데 뉴비들 다 죽겠네 푸키욤 2026.03.23 ㅈ된김에 그냥 가볍게하다 다시 접어야겠다ㅋㅋ 푸키욤 2026.03.23 아 캐릭터 잘못만들었는데 나가리네 이번 이벤트;; kknd렌 2026.03.22 자쿰소환하게 인벤좀 열게해줘 1 2 ( 0 /200) 등록 [어린이날] 메이플 몬스터즈 2026.04.30 (목) ~ 2026.05.06 (수) 썬데이 메이플 2026.05.03 (일) ~ 2026.05.03 (일) [사냥 이벤트] 악몽의 메아리 2026.04.16 (목) ~ 2026.06.17 (수) 프리미엄PC방 접속보상 이벤트 2026.04.17 (금) ~ 2026.05.14 (목) HAPPY MAPLE DAY in LotteWorld 2026.04.09 (목) ~ 2026.04.30 (목) 진의 신비한 정원 2026.03.23 (월) ~ 2026.05.13 (수) [체인지 버닝] 루시드 2026.03.19 (목) ~ 2026.06.17 (수) [출석 이벤트] 마스코트 퍼레이드 2026.03.19 (목) ~ 2026.06.17 (수) [체인지 버닝] 루시드 드림 2026.03.19 (목) ~ 2026.06.17 (수) [체인지 버닝] 몽환의 장비 & 몽환의 결정 2026.03.19 (목) ~ 2026.06.17 (수) [체인지 버닝] 악몽의 숲 2026.03.19 (목) ~ 2026.06.17 (수) [체인지 버닝] 몽환의 시련 2026.03.19 (목) ~ 2026.06.17 (수) [체인지 버닝] 드림 샤드샵 2026.03.19 (목) ~ 2026.06.17 (수) [이벤트 스킬] 메이플 스위츠 2026.03.19 (목) ~ 2026.06.17 (수) [이벤트 샵] 기프트 티켓 상점 2026.03.19 (목) ~ 2026.06.17 (수) 하이퍼 버닝 부스터를 드려요! 2026.03.19 (목) ~ 2026.06.17 (수) 하이퍼 버닝 MAX 2025.12.18 (목) ~ 2026.06.17 (수) 버닝 BEYOND 2025.12.18 (목) ~ 2026.06.17 (수) VIP 사우나 2025.12.18 (목) ~ 2026.06.17 (수)"
official_event_ea10de09dac6,[체인지 버닝] 몽환의 시련,https://maplestory.nexon.com/News/Event/Ongoing/1294,official_event_ea10de09dac6::chunk::0,0,0,1758,"댓글 20 유메긴가 2026.05.02 카링 안드로이드도 나왔으면좋겠다 aksdfa 2026.04.13 헬레나 언제나와!!!!!!!!!!!!!! lnt6 2026.04.08 광고충 왜 정지 안시킴?광고충 왜 정지 안시킴?광고충 왜 정지 안시킴?광고충 왜 정지 ㅁ안시킴?광고충 왜 정지 안시킴?광고충 왜 정지 안시킴?광고충 왜 정지 안시킴?광고충 왜 정지 안시킴?광고충 왜 정지 안시킴?광고충 왜 정지 안시킴?광고충 왜 정지 안시킴?광고충 왜 정지 안시킴?광고충 왜 정지 안시킴?광고충 왜 정지 안시킴?광고충 왜 정지 안시킴? lnt6 2026.04.07 고객센터 문의해도 위반된게 있는지 검토 하겠다 이런 답변만 오는데 넥슨 이벤트인거마냥 넥슨을 사칭해서 사기치는게 위반되는지 검토가 필요한 일인가? 이정도면 불법토토랑 성인광고 홍보해도 방치하고 검토만 하겠다? 이쯤 되면 저 광고충보다 고객센터가 더 문제같은데 아니 둘이 동일인인가? 귐디 2026.04.04 50렙에 레전장비, 레전 파츠 3개인데 루시드 1페 오리진 극딜 10%만 까지는데 이거 맞나요ㅋㅋ 보노보무 2026.04.03 아니 50레벨 루시드로 카벨을 못녹여... 거기다 나 레전 장비 하나도 있는데... 충분히 녹일 수준인데 왜 못녹이냐고!!!!!!! 보스 패치 긴급으로 해주던가 아니면 딜량이 기존 케릭이랑 포함해서 들어가게 변경하던가 좀 적용해줘 낭만쌤 2026.03.30 벨룸 난이도 개빡인데 뉴비들 다 죽겠네 푸키욤 2026.03.23 ㅈ된김에 그냥 가볍게하다 다시 접어야겠다ㅋㅋ 푸키욤 2026.03.23 아 캐릭터 잘못만들었는데 나가리네 이번 이벤트;; kknd렌 2026.03.22 자쿰소환하게 인벤좀 열게해줘 1 2 ( 0 /200) 등록 [어린이날] 메이플 몬스터즈 2026.04.30 (목) ~ 2026.05.06 (수) 썬데이 메이플 2026.05.03 (일) ~ 2026.05.03 (일) [사냥 이벤트] 악몽의 메아리 2026.04.16 (목) ~ 2026.06.17 (수) 프리미엄PC방 접속보상 이벤트 2026.04.17 (금) ~ 2026.05.14 (목) HAPPY MAPLE DAY in LotteWorld 2026.04.09 (목) ~ 2026.04.30 (목) 진의 신비한 정원 2026.03.23 (월) ~ 2026.05.13 (수) [체인지 버닝] 루시드 2026.03.19 (목) ~ 2026.06.17 (수) [출석 이벤트] 마스코트 퍼레이드 2026.03.19 (목) ~ 2026.06.17 (수) [체인지 버닝] 루시드 드림 2026.03.19 (목) ~ 2026.06.17 (수) [체인지 버닝] 몽환의 장비 & 몽환의 결정 2026.03.19 (목) ~ 2026.06.17 (수) [체인지 버닝] 악몽의 숲 2026.03.19 (목) ~ 2026.06.17 (수) [체인지 버닝] 몽환의 시련 2026.03.19 (목) ~ 2026.06.17 (수) [체인지 버닝] 드림 샤드샵 2026.03.19 (목) ~ 2026.06.17 (수) [이벤트 스킬] 메이플 스위츠 2026.03.19 (목) ~ 2026.06.17 (수) [이벤트 샵] 기프트 티켓 상점 2026.03.19 (목) ~ 2026.06.17 (수) 하이퍼 버닝 부스터를 드려요! 2026.03.19 (목) ~ 2026.06.17 (수) 하이퍼 버닝 MAX 2025.12.18 (목) ~ 2026.06.17 (수) 버닝 BEYOND 2025.12.18 (목) ~ 2026.06.17 (수) VIP 사우나 2025.12.18 (목) ~ 2026.06.17 (수)"
official_event_b15096b5aec2,[이벤트 스킬] 메이플 스위츠,https://maplestory.nexon.com/News/Event/1292,official_event_b15096b5aec2::chunk::0,0,0,1177,댓글 6 lnt6 2026.04.07 고객센터 문의해도 위반된게 있는지 검토 하겠다 이런 답변만 오는데 넥슨 이벤트인거마냥 넥슨을 사칭해서 사기치는게 위반되는지 검토가 필요한 일인가? 이정도면 불법토토랑 성인광고 홍보해도 방치하고 검토만 하겠다? 이쯤 되면 저 광고충보다 고객센터가 더 문제같은데 아니 둘이 동일인인가? 붉은눈빛매화 2026.03.19 이번엔 출석에 제약 받지 않고 강화 스킬을 빠르게 올릴수있어서 좋다 취검장지평 2026.03.19 야미~ 1 ( 0 /200) 등록 [어린이날] 메이플 몬스터즈 2026.04.30 (목) ~ 2026.05.06 (수) 썬데이 메이플 2026.05.03 (일) ~ 2026.05.03 (일) [사냥 이벤트] 악몽의 메아리 2026.04.16 (목) ~ 2026.06.17 (수) 프리미엄PC방 접속보상 이벤트 2026.04.17 (금) ~ 2026.05.14 (목) HAPPY MAPLE DAY in LotteWorld 2026.04.09 (목) ~ 2026.04.30 (목) 진의 신비한 정원 2026.03.23 (월) ~ 2026.05.13 (수) [체인지 버닝] 루시드 2026.03.19 (목) ~ 2026.06.17 (수) [출석 이벤트] 마스코트 퍼레이드 2026.03.19 (목) ~ 2026.06.17 (수) [체인지 버닝] 루시드 드림 2026.03.19 (목) ~ 2026.06.17 (수) [체인지 버닝] 몽환의 장비 & 몽환의 결정 2026.03.19 (목) ~ 2026.06.17 (수) [체인지 버닝] 악몽의 숲 2026.03.19 (목) ~ 2026.06.17 (수) [체인지 버닝] 몽환의 시련 2026.03.19 (목) ~ 2026.06.17 (수) [체인지 버닝] 드림 샤드샵 2026.03.19 (목) ~ 2026.06.17 (수) [이벤트 스킬] 메이플 스위츠 2026.03.19 (목) ~ 2026.06.17 (수) [이벤트 샵] 기프트 티켓 상점 2026.03.19 (목) ~ 2026.06.17 (수) 하이퍼 버닝 부스터를 드려요! 2026.03.19 (목) ~ 2026.06.17 (수) 하이퍼 버닝 MAX 2025.12.18 (목) ~ 2026.06.17 (수) 버닝 BEYOND 2025.12.18 (목) ~ 2026.06.17 (수) VIP 사우나 2025.12.18 (목) ~ 2026.06.17 (수)
official_event_944ce8f4c742,[이벤트 스킬] 메이플 스위츠,https://maplestory.nexon.com/News/Event/Ongoing/1292,official_event_944ce8f4c742::chunk::0,0,0,1177,댓글 6 lnt6 2026.04.07 고객센터 문의해도 위반된게 있는지 검토 하겠다 이런 답변만 오는데 넥슨 이벤트인거마냥 넥슨을 사칭해서 사기치는게 위반되는지 검토가 필요한 일인가? 이정도면 불법토토랑 성인광고 홍보해도 방치하고 검토만 하겠다? 이쯤 되면 저 광고충보다 고객센터가 더 문제같은데 아니 둘이 동일인인가? 붉은눈빛매화 2026.03.19 이번엔 출석에 제약 받지 않고 강화 스킬을 빠르게 올릴수있어서 좋다 취검장지평 2026.03.19 야미~ 1 ( 0 /200) 등록 [어린이날] 메이플 몬스터즈 2026.04.30 (목) ~ 2026.05.06 (수) 썬데이 메이플 2026.05.03 (일) ~ 2026.05.03 (일) [사냥 이벤트] 악몽의 메아리 2026.04.16 (목) ~ 2026.06.17 (수) 프리미엄PC방 접속보상 이벤트 2026.04.17 (금) ~ 2026.05.14 (목) HAPPY MAPLE DAY in LotteWorld 2026.04.09 (목) ~ 2026.04.30 (목) 진의 신비한 정원 2026.03.23 (월) ~ 2026.05.13 (수) [체인지 버닝] 루시드 2026.03.19 (목) ~ 2026.06.17 (수) [출석 이벤트] 마스코트 퍼레이드 2026.03.19 (목) ~ 2026.06.17 (수) [체인지 버닝] 루시드 드림 2026.03.19 (목) ~ 2026.06.17 (수) [체인지 버닝] 몽환의 장비 & 몽환의 결정 2026.03.19 (목) ~ 2026.06.17 (수) [체인지 버닝] 악몽의 숲 2026.03.19 (목) ~ 2026.06.17 (수) [체인지 버닝] 몽환의 시련 2026.03.19 (목) ~ 2026.06.17 (수) [체인지 버닝] 드림 샤드샵 2026.03.19 (목) ~ 2026.06.17 (수) [이벤트 스킬] 메이플 스위츠 2026.03.19 (목) ~ 2026.06.17 (수) [이벤트 샵] 기프트 티켓 상점 2026.03.19 (목) ~ 2026.06.17 (수) 하이퍼 버닝 부스터를 드려요! 2026.03.19 (목) ~ 2026.06.17 (수) 하이퍼 버닝 MAX 2025.12.18 (목) ~ 2026.06.17 (수) 버닝 BEYOND 2025.12.18 (목) ~ 2026.06.17 (수) VIP 사우나 2025.12.18 (목) ~ 2026.06.17 (수)
official_event_cb6224184f0f,[체인지 버닝] 드림 샤드샵,https://maplestory.nexon.com/News/Event/1293,official_event_cb6224184f0f::chunk::0,0,0,1270,댓글 7 lnt6 2026.04.07 ㅁ고객센터 문의해도 위반된게 있는지 검토 하겠다 이런 답변만 오는데 넥슨 이벤트인거마냥 넥슨을 사칭해서 사기치는게 위반되는지 검토가 필요한 일인가? 이정도면 불법토토랑 성인광고 홍보해도 방치하고 검토만 하겠다? 이쯤 되면 저 광고충보다 고객센터가 더 문제같은데 아니 둘이 동일인인가? 붉은눈빛매화 2026.03.19 이번에 솔에조와 솔에르다를 엄청 퍼주네 올해 안으로 6차 스킬 모두 출시하고 7차 전직 사전 준비하려는건가? 5차가 아케인 리버 때 나오고 6차가 그란디스 때 나왔으니 7차는 마스테리아 때 나오려나? 찐빵345 2026.03.19 2emd 쿤켄 2026.03.19 1등 1 ( 0 /200) 등록 [어린이날] 메이플 몬스터즈 2026.04.30 (목) ~ 2026.05.06 (수) 썬데이 메이플 2026.05.03 (일) ~ 2026.05.03 (일) [사냥 이벤트] 악몽의 메아리 2026.04.16 (목) ~ 2026.06.17 (수) 프리미엄PC방 접속보상 이벤트 2026.04.17 (금) ~ 2026.05.14 (목) HAPPY MAPLE DAY in LotteWorld 2026.04.09 (목) ~ 2026.04.30 (목) 진의 신비한 정원 2026.03.23 (월) ~ 2026.05.13 (수) [체인지 버닝] 루시드 2026.03.19 (목) ~ 2026.06.17 (수) [출석 이벤트] 마스코트 퍼레이드 2026.03.19 (목) ~ 2026.06.17 (수) [체인지 버닝] 루시드 드림 2026.03.19 (목) ~ 2026.06.17 (수) [체인지 버닝] 몽환의 장비 & 몽환의 결정 2026.03.19 (목) ~ 2026.06.17 (수) [체인지 버닝] 악몽의 숲 2026.03.19 (목) ~ 2026.06.17 (수) [체인지 버닝] 몽환의 시련 2026.03.19 (목) ~ 2026.06.17 (수) [체인지 버닝] 드림 샤드샵 2026.03.19 (목) ~ 2026.06.17 (수) [이벤트 스킬] 메이플 스위츠 2026.03.19 (목) ~ 2026.06.17 (수) [이벤트 샵] 기프트 티켓 상점 2026.03.19 (목) ~ 2026.06.17 (수) 하이퍼 버닝 부스터를 드려요! 2026.03.19 (목) ~ 2026.06.17 (수) 하이퍼 버닝 MAX 2025.12.18 (목) ~ 2026.06.17 (수) 버닝 BEYOND 2025.12.18 (목) ~ 2026.06.17 (수) VIP 사우나 2025.12.18 (목) ~ 2026.06.17 (수)
official_event_5538e8830823,[체인지 버닝] 드림 샤드샵,https://maplestory.nexon.com/News/Event/Ongoing/1293,official_event_5538e8830823::chunk::0,0,0,1270,댓글 7 lnt6 2026.04.07 ㅁ고객센터 문의해도 위반된게 있는지 검토 하겠다 이런 답변만 오는데 넥슨 이벤트인거마냥 넥슨을 사칭해서 사기치는게 위반되는지 검토가 필요한 일인가? 이정도면 불법토토랑 성인광고 홍보해도 방치하고 검토만 하겠다? 이쯤 되면 저 광고충보다 고객센터가 더 문제같은데 아니 둘이 동일인인가? 붉은눈빛매화 2026.03.19 이번에 솔에조와 솔에르다를 엄청 퍼주네 올해 안으로 6차 스킬 모두 출시하고 7차 전직 사전 준비하려는건가? 5차가 아케인 리버 때 나오고 6차가 그란디스 때 나왔으니 7차는 마스테리아 때 나오려나? 찐빵345 2026.03.19 2emd 쿤켄 2026.03.19 1등 1 ( 0 /200) 등록 [어린이날] 메이플 몬스터즈 2026.04.30 (목) ~ 2026.05.06 (수) 썬데이 메이플 2026.05.03 (일) ~ 2026.05.03 (일) [사냥 이벤트] 악몽의 메아리 2026.04.16 (목) ~ 2026.06.17 (수) 프리미엄PC방 접속보상 이벤트 2026.04.17 (금) ~ 2026.05.14 (목) HAPPY MAPLE DAY in LotteWorld 2026.04.09 (목) ~ 2026.04.30 (목) 진의 신비한 정원 2026.03.23 (월) ~ 2026.05.13 (수) [체인지 버닝] 루시드 2026.03.19 (목) ~ 2026.06.17 (수) [출석 이벤트] 마스코트 퍼레이드 2026.03.19 (목) ~ 2026.06.17 (수) [체인지 버닝] 루시드 드림 2026.03.19 (목) ~ 2026.06.17 (수) [체인지 버닝] 몽환의 장비 & 몽환의 결정 2026.03.19 (목) ~ 2026.06.17 (수) [체인지 버닝] 악몽의 숲 2026.03.19 (목) ~ 2026.06.17 (수) [체인지 버닝] 몽환의 시련 2026.03.19 (목) ~ 2026.06.17 (수) [체인지 버닝] 드림 샤드샵 2026.03.19 (목) ~ 2026.06.17 (수) [이벤트 스킬] 메이플 스위츠 2026.03.19 (목) ~ 2026.06.17 (수) [이벤트 샵] 기프트 티켓 상점 2026.03.19 (목) ~ 2026.06.17 (수) 하이퍼 버닝 부스터를 드려요! 2026.03.19 (목) ~ 2026.06.17 (수) 하이퍼 버닝 MAX 2025.12.18 (목) ~ 2026.06.17 (수) 버닝 BEYOND 2025.12.18 (목) ~ 2026.06.17 (수) VIP 사우나 2025.12.18 (목) ~ 2026.06.17 (수)
official_event_d790ea6f4809,[이벤트 샵] 기프트 티켓 상점,https://maplestory.nexon.com/News/Event/Ongoing/1291,official_event_d790ea6f4809::chunk::0,0,0,1325,"댓글 8 아빵 2026.04.14 다음엔,, 나도 로이드 꼭 부탁드립니다..!! 꽃하늘아 2026.04.09 ㅠㅠㅠㅠㅠㅠㅠㅠㅠ귀여운거 짱많어 lnt6 2026.04.07 ㅁ고객센터 문의해도 위반된게 있는지 검토 하겠다 이런 답변만 오는데 넥슨 이벤트인거마냥 넥슨을 사칭해서 사기치는게 위반되는지 검토가 필요한 일인가? 이정도면 불법토토랑 성인광고 홍보해도 방치하고 검토만 하겠다? 이쯤 되면 저 광고충보다 고객센터가 더 문제같은데 아니 둘이 동일인인가? 아몰랑제랑 2026.03.21 뉴트로 시리즈는 루시드만 나왔네요ㅠㅠ 알리샤랑 데미안도 넣어주시지ㅠ 붉은눈빛매화 2026.03.19 역대 주년 의상/데미지 스킨/라이딩/안드로이드 있는건 좋은데 20주년 때 처럼 훈장이 없는건 아쉽네? 코넬석사생 2026.03.19 1빠 1 ( 0 /200) 등록 [어린이날] 메이플 몬스터즈 2026.04.30 (목) ~ 2026.05.06 (수) 썬데이 메이플 2026.05.03 (일) ~ 2026.05.03 (일) [사냥 이벤트] 악몽의 메아리 2026.04.16 (목) ~ 2026.06.17 (수) 프리미엄PC방 접속보상 이벤트 2026.04.17 (금) ~ 2026.05.14 (목) HAPPY MAPLE DAY in LotteWorld 2026.04.09 (목) ~ 2026.04.30 (목) 진의 신비한 정원 2026.03.23 (월) ~ 2026.05.13 (수) [체인지 버닝] 루시드 2026.03.19 (목) ~ 2026.06.17 (수) [출석 이벤트] 마스코트 퍼레이드 2026.03.19 (목) ~ 2026.06.17 (수) [체인지 버닝] 루시드 드림 2026.03.19 (목) ~ 2026.06.17 (수) [체인지 버닝] 몽환의 장비 & 몽환의 결정 2026.03.19 (목) ~ 2026.06.17 (수) [체인지 버닝] 악몽의 숲 2026.03.19 (목) ~ 2026.06.17 (수) [체인지 버닝] 몽환의 시련 2026.03.19 (목) ~ 2026.06.17 (수) [체인지 버닝] 드림 샤드샵 2026.03.19 (목) ~ 2026.06.17 (수) [이벤트 스킬] 메이플 스위츠 2026.03.19 (목) ~ 2026.06.17 (수) [이벤트 샵] 기프트 티켓 상점 2026.03.19 (목) ~ 2026.06.17 (수) 하이퍼 버닝 부스터를 드려요! 2026.03.19 (목) ~ 2026.06.17 (수) 하이퍼 버닝 MAX 2025.12.18 (목) ~ 2026.06.17 (수) 버닝 BEYOND 2025.12.18 (목) ~ 2026.06.17 (수) VIP 사우나 2025.12.18 (목) ~ 2026.06.17 (수)"
official_event_a699bfbdf6f7,[이벤트 샵] 기프트 티켓 상점,https://maplestory.nexon.com/News/Event/1291,official_event_a699bfbdf6f7::chunk::0,0,0,1325,"댓글 8 아빵 2026.04.14 다음엔,, 나도 로이드 꼭 부탁드립니다..!! 꽃하늘아 2026.04.09 ㅠㅠㅠㅠㅠㅠㅠㅠㅠ귀여운거 짱많어 lnt6 2026.04.07 ㅁ고객센터 문의해도 위반된게 있는지 검토 하겠다 이런 답변만 오는데 넥슨 이벤트인거마냥 넥슨을 사칭해서 사기치는게 위반되는지 검토가 필요한 일인가? 이정도면 불법토토랑 성인광고 홍보해도 방치하고 검토만 하겠다? 이쯤 되면 저 광고충보다 고객센터가 더 문제같은데 아니 둘이 동일인인가? 아몰랑제랑 2026.03.21 뉴트로 시리즈는 루시드만 나왔네요ㅠㅠ 알리샤랑 데미안도 넣어주시지ㅠ 붉은눈빛매화 2026.03.19 역대 주년 의상/데미지 스킨/라이딩/안드로이드 있는건 좋은데 20주년 때 처럼 훈장이 없는건 아쉽네? 코넬석사생 2026.03.19 1빠 1 ( 0 /200) 등록 [어린이날] 메이플 몬스터즈 2026.04.30 (목) ~ 2026.05.06 (수) 썬데이 메이플 2026.05.03 (일) ~ 2026.05.03 (일) [사냥 이벤트] 악몽의 메아리 2026.04.16 (목) ~ 2026.06.17 (수) 프리미엄PC방 접속보상 이벤트 2026.04.17 (금) ~ 2026.05.14 (목) HAPPY MAPLE DAY in LotteWorld 2026.04.09 (목) ~ 2026.04.30 (목) 진의 신비한 정원 2026.03.23 (월) ~ 2026.05.13 (수) [체인지 버닝] 루시드 2026.03.19 (목) ~ 2026.06.17 (수) [출석 이벤트] 마스코트 퍼레이드 2026.03.19 (목) ~ 2026.06.17 (수) [체인지 버닝] 루시드 드림 2026.03.19 (목) ~ 2026.06.17 (수) [체인지 버닝] 몽환의 장비 & 몽환의 결정 2026.03.19 (목) ~ 2026.06.17 (수) [체인지 버닝] 악몽의 숲 2026.03.19 (목) ~ 2026.06.17 (수) [체인지 버닝] 몽환의 시련 2026.03.19 (목) ~ 2026.06.17 (수) [체인지 버닝] 드림 샤드샵 2026.03.19 (목) ~ 2026.06.17 (수) [이벤트 스킬] 메이플 스위츠 2026.03.19 (목) ~ 2026.06.17 (수) [이벤트 샵] 기프트 티켓 상점 2026.03.19 (목) ~ 2026.06.17 (수) 하이퍼 버닝 부스터를 드려요! 2026.03.19 (목) ~ 2026.06.17 (수) 하이퍼 버닝 MAX 2025.12.18 (목) ~ 2026.06.17 (수) 버닝 BEYOND 2025.12.18 (목) ~ 2026.06.17 (수) VIP 사우나 2025.12.18 (목) ~ 2026.06.17 (수)"
official_event_03f034c06e44,[출석 이벤트] 마스코트 퍼레이드,https://maplestory.nexon.com/News/Event/Ongoing/1298,official_event_03f034c06e44::chunk::0,0,0,1800,댓글 18 무말랭9 2026.05.02 님들 지금 시작해도 자석펫 받을 수 있나요? 롤못해서하는 2026.05.01 마스코트 퍼레이드 이벤트 참여 했는데.. 하자마자 쁘띠 펫에 체크 되어있어서 인벤토리 봤는데 자석펫 없어요.. 해결부탁드려요 욹으락붉으락 2026.04.18 자석펫 받았다고 뜨는데 인벤에 없습니다. 뭔 오류인가요? 보상 어떻게 해줄건가요? 맨날 같잖은 보상말고 제대로 된 보상을 하세요 반반MU많이요 2026.04.14 서버종료해라 게임망한지 꽤 된거같은데 lnt6 2026.04.08 광고충 왜 정지 안시킴?광고충 왜 정지 안시킴?광고충 왜 정지 안시킴?광고충 왜 정지 안시킴?광고충 왜 정지 안시킴?광고충 왜 정지 안시킴?광고충 왜 정지 안시킴?광고충 왜 정지 안시킴?광고충 왜 정지 안시킴?광고충 왜 정지 안시킴?광고충 왜 정지 안시킴?광고충 왜 정지 안시킴?광고충 왜 정지 안시킴?광고충 왜 정지 안시킴?광고충 왜 정지 안시킴? 퀸하이아란 2026.04.06 패스쓰면 마스코트파워도 1회올라가는거임 ? 천둥번개02 2026.03.29 나눔수진 좃된네틱톡 추천코드 먹튀(초대 후 약속된 돈을 주지 않는 행위)는 사기죄로 고소 가능합니다. 금전적 약속을 어긴 행위는 피해자의 재산상 처분행위 및 손해 발생으로 인정되어 형사 처벌 대상이 될 수 있습니 헤인혜야르도 2026.03.20 저 이거 자석펫 받았다고는뜨는데 인벤토리에 자석펫이 없는데 이거 서버렉때문인가요 아니면 다른 이유가 있나요? 붉은눈빛매화 2026.03.19 이번에 루나 쁘띠 자석펫 지급은 큰 결심이네? 메이플 로얄 스타일/원더 베리/루나 크리스탈은 메이플스토리 주요 수입원이라 쉽지 않은 결정이었을텐데? 반응 좋으면 추후에도 유입용으로 지급하려나? 물론 자석펫 3세트 효과가 되지 않게 시즌별로 다른 자석펫 출시해서 그때마다 1마리 씩 지급하겠지만? 은성린 2026.03.19 신창섭 1 2 ( 0 /200) 등록 [어린이날] 메이플 몬스터즈 2026.04.30 (목) ~ 2026.05.06 (수) 썬데이 메이플 2026.05.03 (일) ~ 2026.05.03 (일) [사냥 이벤트] 악몽의 메아리 2026.04.16 (목) ~ 2026.06.17 (수) 프리미엄PC방 접속보상 이벤트 2026.04.17 (금) ~ 2026.05.14 (목) HAPPY MAPLE DAY in LotteWorld 2026.04.09 (목) ~ 2026.04.30 (목) 진의 신비한 정원 2026.03.23 (월) ~ 2026.05.13 (수) [체인지 버닝] 루시드 2026.03.19 (목) ~ 2026.06.17 (수) [출석 이벤트] 마스코트 퍼레이드 2026.03.19 (목) ~ 2026.06.17 (수) [체인지 버닝] 루시드 드림 2026.03.19 (목) ~ 2026.06.17 (수) [체인지 버닝] 몽환의 장비 & 몽환의 결정 2026.03.19 (목) ~ 2026.06.17 (수) [체인지 버닝] 악몽의 숲 2026.03.19 (목) ~ 2026.06.17 (수) [체인지 버닝] 몽환의 시련 2026.03.19 (목) ~ 2026.06.17 (수) [체인지 버닝] 드림 샤드샵 2026.03.19 (목) ~ 2026.06.17 (수) [이벤트 스킬] 메이플 스위츠 2026.03.19 (목) ~ 2026.06.17 (수) [이벤트 샵] 기프트 티켓 상점 2026.03.19 (목) ~ 2026.06.17 (수) 하이퍼 버닝 부스터를 드려요! 2026.03.19 (목) ~ 2026.06.17 (수) 하이퍼 버닝 MAX 2025.12.18 (목) ~ 2026.06.17 (수) 버닝 BEYOND 2025.12.18 (
official_event_6c35926c1bcc,[출석 이벤트] 마스코트 퍼레이드,https://maplestory.nexon.com/News/Event/1298,official_event_6c35926c1bcc::chunk::0,0,0,1800,댓글 18 무말랭9 2026.05.02 님들 지금 시작해도 자석펫 받을 수 있나요? 롤못해서하는 2026.05.01 마스코트 퍼레이드 이벤트 참여 했는데.. 하자마자 쁘띠 펫에 체크 되어있어서 인벤토리 봤는데 자석펫 없어요.. 해결부탁드려요 욹으락붉으락 2026.04.18 자석펫 받았다고 뜨는데 인벤에 없습니다. 뭔 오류인가요? 보상 어떻게 해줄건가요? 맨날 같잖은 보상말고 제대로 된 보상을 하세요 반반MU많이요 2026.04.14 서버종료해라 게임망한지 꽤 된거같은데 lnt6 2026.04.08 광고충 왜 정지 안시킴?광고충 왜 정지 안시킴?광고충 왜 정지 안시킴?광고충 왜 정지 안시킴?광고충 왜 정지 안시킴?광고충 왜 정지 안시킴?광고충 왜 정지 안시킴?광고충 왜 정지 안시킴?광고충 왜 정지 안시킴?광고충 왜 정지 안시킴?광고충 왜 정지 안시킴?광고충 왜 정지 안시킴?광고충 왜 정지 안시킴?광고충 왜 정지 안시킴?광고충 왜 정지 안시킴? 퀸하이아란 2026.04.06 패스쓰면 마스코트파워도 1회올라가는거임 ? 천둥번개02 2026.03.29 나눔수진 좃된네틱톡 추천코드 먹튀(초대 후 약속된 돈을 주지 않는 행위)는 사기죄로 고소 가능합니다. 금전적 약속을 어긴 행위는 피해자의 재산상 처분행위 및 손해 발생으로 인정되어 형사 처벌 대상이 될 수 있습니 헤인혜야르도 2026.03.20 저 이거 자석펫 받았다고는뜨는데 인벤토리에 자석펫이 없는데 이거 서버렉때문인가요 아니면 다른 이유가 있나요? 붉은눈빛매화 2026.03.19 이번에 루나 쁘띠 자석펫 지급은 큰 결심이네? 메이플 로얄 스타일/원더 베리/루나 크리스탈은 메이플스토리 주요 수입원이라 쉽지 않은 결정이었을텐데? 반응 좋으면 추후에도 유입용으로 지급하려나? 물론 자석펫 3세트 효과가 되지 않게 시즌별로 다른 자석펫 출시해서 그때마다 1마리 씩 지급하겠지만? 은성린 2026.03.19 신창섭 1 2 ( 0 /200) 등록 [어린이날] 메이플 몬스터즈 2026.04.30 (목) ~ 2026.05.06 (수) 썬데이 메이플 2026.05.03 (일) ~ 2026.05.03 (일) [사냥 이벤트] 악몽의 메아리 2026.04.16 (목) ~ 2026.06.17 (수) 프리미엄PC방 접속보상 이벤트 2026.04.17 (금) ~ 2026.05.14 (목) HAPPY MAPLE DAY in LotteWorld 2026.04.09 (목) ~ 2026.04.30 (목) 진의 신비한 정원 2026.03.23 (월) ~ 2026.05.13 (수) [체인지 버닝] 루시드 2026.03.19 (목) ~ 2026.06.17 (수) [출석 이벤트] 마스코트 퍼레이드 2026.03.19 (목) ~ 2026.06.17 (수) [체인지 버닝] 루시드 드림 2026.03.19 (목) ~ 2026.06.17 (수) [체인지 버닝] 몽환의 장비 & 몽환의 결정 2026.03.19 (목) ~ 2026.06.17 (수) [체인지 버닝] 악몽의 숲 2026.03.19 (목) ~ 2026.06.17 (수) [체인지 버닝] 몽환의 시련 2026.03.19 (목) ~ 2026.06.17 (수) [체인지 버닝] 드림 샤드샵 2026.03.19 (목) ~ 2026.06.17 (수) [이벤트 스킬] 메이플 스위츠 2026.03.19 (목) ~ 2026.06.17 (수) [이벤트 샵] 기프트 티켓 상점 2026.03.19 (목) ~ 2026.06.17 (수) 하이퍼 버닝 부스터를 드려요! 2026.03.19 (목) ~ 2026.06.17 (수) 하이퍼 버닝 MAX 2025.12.18 (목) ~ 2026.06.17 (수) 버닝 BEYOND 2025.12.18 (
official_event_2262c95f36c8,[사냥 이벤트] 악몽의 메아리,https://maplestory.nexon.com/News/Event/1309,official_event_2262c95f36c8::chunk::0,0,0,1495,"댓글 29 신주쿠렌 2026.05.03 드랍 300 이상으로 매일 2재 하는데 아직 한번도 못봄 ㅋㅋㅋㅋㅋ 싸요 2026.05.03 오늘 처음 먹고 이게 뭐지 햇을 정도로 안 떠네 IKMCKAISERI 2026.05.02 한번도안뜸 하이블링희 2026.04.30 ■ 넥슨캐시 30,000원 짜리 1개씩 공짜로 받아가셔영!! 유튜브 -> 나눔수진 검색 // 댓글창 최신순 누르고 맨 밑 보시면 있어요! 무조건 1인 1개 공짜니 받아가세영! 메리매화 2026.04.30 이런 이벤이 있었음? 맨날 3~4시간씩 사냥하는데 한번도 못봤는데 Aoarashi 2026.04.30 계속 사냥해도 한번도 안떠요......................확률 좀 조정해주세요ㅜㅜㅜㅜㅜㅜㅜㅜㅜㅜㅜㅜ 보토랑 2026.04.26 퍼레이드 미션시작할때부터 했는데 6만마리 사냥했는데 한번도안나오던데 이거맞나요? Lengao 2026.04.24 70소재 노득 맞냐 이거... 꽁뮤빵 2026.04.23 진짜 에르다조각 200개넘게 수급하는동안 하나가 안나오네.... 데모오욘 2026.04.23 개 초보라 하루종일 돈만버는데 한번도 안나온다 ㅋㅋ 1 2 3 ( 0 /200) 등록 [어린이날] 메이플 몬스터즈 2026.04.30 (목) ~ 2026.05.06 (수) 썬데이 메이플 2026.05.03 (일) ~ 2026.05.03 (일) [사냥 이벤트] 악몽의 메아리 2026.04.16 (목) ~ 2026.06.17 (수) 프리미엄PC방 접속보상 이벤트 2026.04.17 (금) ~ 2026.05.14 (목) HAPPY MAPLE DAY in LotteWorld 2026.04.09 (목) ~ 2026.04.30 (목) 진의 신비한 정원 2026.03.23 (월) ~ 2026.05.13 (수) [체인지 버닝] 루시드 2026.03.19 (목) ~ 2026.06.17 (수) [출석 이벤트] 마스코트 퍼레이드 2026.03.19 (목) ~ 2026.06.17 (수) [체인지 버닝] 루시드 드림 2026.03.19 (목) ~ 2026.06.17 (수) [체인지 버닝] 몽환의 장비 & 몽환의 결정 2026.03.19 (목) ~ 2026.06.17 (수) [체인지 버닝] 악몽의 숲 2026.03.19 (목) ~ 2026.06.17 (수) [체인지 버닝] 몽환의 시련 2026.03.19 (목) ~ 2026.06.17 (수) [체인지 버닝] 드림 샤드샵 2026.03.19 (목) ~ 2026.06.17 (수) [이벤트 스킬] 메이플 스위츠 2026.03.19 (목) ~ 2026.06.17 (수) [이벤트 샵] 기프트 티켓 상점 2026.03.19 (목) ~ 2026.06.17 (수) 하이퍼 버닝 부스터를 드려요! 2026.03.19 (목) ~ 2026.06.17 (수) 하이퍼 버닝 MAX 2025.12.18 (목) ~ 2026.06.17 (수) 버닝 BEYOND 2025.12.18 (목) ~ 2026.06.17 (수) VIP 사우나 2025.12.18 (목) ~ 2026.06.17 (수)"
official_event_6b49dcf19184,[사냥 이벤트] 악몽의 메아리,https://maplestory.nexon.com/News/Event/Ongoing/1309,official_event_6b49dcf19184::chunk::0,0,0,1495,"댓글 29 신주쿠렌 2026.05.03 드랍 300 이상으로 매일 2재 하는데 아직 한번도 못봄 ㅋㅋㅋㅋㅋ 싸요 2026.05.03 오늘 처음 먹고 이게 뭐지 햇을 정도로 안 떠네 IKMCKAISERI 2026.05.02 한번도안뜸 하이블링희 2026.04.30 ■ 넥슨캐시 30,000원 짜리 1개씩 공짜로 받아가셔영!! 유튜브 -> 나눔수진 검색 // 댓글창 최신순 누르고 맨 밑 보시면 있어요! 무조건 1인 1개 공짜니 받아가세영! 메리매화 2026.04.30 이런 이벤이 있었음? 맨날 3~4시간씩 사냥하는데 한번도 못봤는데 Aoarashi 2026.04.30 계속 사냥해도 한번도 안떠요......................확률 좀 조정해주세요ㅜㅜㅜㅜㅜㅜㅜㅜㅜㅜㅜㅜ 보토랑 2026.04.26 퍼레이드 미션시작할때부터 했는데 6만마리 사냥했는데 한번도안나오던데 이거맞나요? Lengao 2026.04.24 70소재 노득 맞냐 이거... 꽁뮤빵 2026.04.23 진짜 에르다조각 200개넘게 수급하는동안 하나가 안나오네.... 데모오욘 2026.04.23 개 초보라 하루종일 돈만버는데 한번도 안나온다 ㅋㅋ 1 2 3 ( 0 /200) 등록 [어린이날] 메이플 몬스터즈 2026.04.30 (목) ~ 2026.05.06 (수) 썬데이 메이플 2026.05.03 (일) ~ 2026.05.03 (일) [사냥 이벤트] 악몽의 메아리 2026.04.16 (목) ~ 2026.06.17 (수) 프리미엄PC방 접속보상 이벤트 2026.04.17 (금) ~ 2026.05.14 (목) HAPPY MAPLE DAY in LotteWorld 2026.04.09 (목) ~ 2026.04.30 (목) 진의 신비한 정원 2026.03.23 (월) ~ 2026.05.13 (수) [체인지 버닝] 루시드 2026.03.19 (목) ~ 2026.06.17 (수) [출석 이벤트] 마스코트 퍼레이드 2026.03.19 (목) ~ 2026.06.17 (수) [체인지 버닝] 루시드 드림 2026.03.19 (목) ~ 2026.06.17 (수) [체인지 버닝] 몽환의 장비 & 몽환의 결정 2026.03.19 (목) ~ 2026.06.17 (수) [체인지 버닝] 악몽의 숲 2026.03.19 (목) ~ 2026.06.17 (수) [체인지 버닝] 몽환의 시련 2026.03.19 (목) ~ 2026.06.17 (수) [체인지 버닝] 드림 샤드샵 2026.03.19 (목) ~ 2026.06.17 (수) [이벤트 스킬] 메이플 스위츠 2026.03.19 (목) ~ 2026.06.17 (수) [이벤트 샵] 기프트 티켓 상점 2026.03.19 (목) ~ 2026.06.17 (수) 하이퍼 버닝 부스터를 드려요! 2026.03.19 (목) ~ 2026.06.17 (수) 하이퍼 버닝 MAX 2025.12.18 (목) ~ 2026.06.17 (수) 버닝 BEYOND 2025.12.18 (목) ~ 2026.06.17 (수) VIP 사우나 2025.12.18 (목) ~ 2026.06.17 (수)"
testworld_update_602fc725a5b6,클라이언트 1.2.198 릴리즈,https://maplestory.nexon.com/testworld/news/update/156?p=1,testworld_update_602fc725a5b6::chunk::16,16,25600,27400," 큰 축복을 획득하거나 사용할 수 없게 됩니다. ※ 길드의 더 큰 축복을 통해 얻을 수 있던 능력치는 일반 길드 스킬 ‘길드의 노하우 I’에 통합됩니다. - 노블레스 길드 스킬 포인트를 지난 주보다 같거나 많이 획득한 경우, 이미 투자한 노블레스 스킬 포인트 상태가 유지되도록 변경됩니다. ※ 지난 주보다 적은 양의 노블레스 스킬 포인트를 획득한 경우, 기존과 동일하게 목요일 자정에 노블레스 스킬 포인트 투자 상태가 초기화됩니다. ■ 길드 게시판 - 게시물 말머리가 추가됩니다. · 기본으로 ‘공지’, ‘자유’ 말머리가 제공됩니다. · 기본으로 제공되는 말머리 외 최대 3개까지 추가할 수 있습니다. · 말머리별 글쓰기, 읽기 권한을 설정할 수 있습니다. - 게시물의 조회 수를 확인할 수 있게 됩니다. - 일정 추천 수 이상 게시물만 볼 수 있는 기능이 추가됩니다. - 게시판 관리자가 특정 게시물을 상단에 고정시킬 수 있는 기능이 추가됩니다. - 게시물 작성 시 이용할 수 있는 투표 기능이 추가됩니다. - 댓글 작성 시 대댓글 기능이 추가됩니다. ■ 플래그 레이스 - 플래그 레이스의 입장 조건이 삭제됩니다. - 플래그 레이스를 제한 시간 내에 완주할 경우 기록에 관계없이 플래그 레이스 포인트 1000점이 지급되도록 변경됩니다. 캐시 캐시 ■ MapleStory x 장송의 프리렌 신규 아이템이 판매됩니다. - 판매 기간 : 2026년 2월 12일(목) 점검 후 ~ 3월 18일(수) 오후 11시 59분 - 판매 아이템 : 장송의 프리렌 코디 컬렉션, 장송의 프리렌 굿즈 컬렉션, 스페셜 루나 크리스탈, 스페셜 루나 쁘띠 펫장비 4종 ※ 넥슨캐시로만 구매가 가능하며, 사용 전 1회 교환할 수 있습니다. ※ 원활한 테스트를 위해 테스트 월드 기간 동안 테스터 지원상자에서 장송의 프리렌 코디 컬렉션, 장송의 프리렌 굿즈 컬렉션, 스페셜 루나 크리스탈을 수령할 수 있습니다. ■ 장송의 프리렌 코디 컬렉션에서는 정해진 확률에 따라 아이템 1개를 획득할 수 있습니다. 획득할 수 있는 아이템은 아래와 같습니다. 보상 수량 교환 여부 유효 기간 프리렌 아바타 세트 교환권 1 1회 교환 가능 (거래 후 월드 내 나의 캐릭터 간 이동만 가능) 영구 프리렌 아바타 세트 교환권 (롤빵) 프리렌 아바타 세트 교환권 (잠옷) 페른 아바타 세트 교환권 슈타르크 아바타 세트 교환권 힘멜 아바타 세트 교환권 위벨 아바타 세트 교환권 아우라 아바타 세트 교환권 리니에 아바타 세트 교환권 류그너 아바타 세트 교환권 ■ 장송의 프리렌 코디 컬렉션에서 획득할 수 있는 아바타 세트 교환권 상세 구성품은 아래와 같습니다. 아이템 구성품 프리렌 아바타 세트 교환권 프리렌 헤어 쿠폰 프리렌 성형 쿠폰 프리렌 옷 선택권 (프리렌의 옷, 프리렌의 겨울옷 중 1개 선택 가능) 프리렌의 신발 프리렌의 지팡이 프리렌의 귀걸이 프리렌 아바타 세트 교환권 (롤빵) 프리렌 롤빵 헤어 쿠폰 프리렌 성형 쿠폰 프리렌 옷 선택권 (프리렌의 옷, 프리렌의 겨울옷 중 1개 선택 가능) 프리렌의 신발 프리렌의 지팡이 프리렌의 귀걸이 프리렌 아바타 세트 교환권 (잠옷) 프리렌 헤어 (잠옷) 쿠폰 프리렌 성형 쿠폰 프리렌의 잠옷 프리렌의 귀걸이 페른 아바타 세트 교환권 페른 헤어 쿠폰 페른 성형 쿠폰 페른 옷 선택권 (페른의 옷, 페른의 겨울옷 중 1개 선택 가능) 페른의 신발 페른의 지팡이 슈타르크 아바타 세트 교환권 슈타르크 헤어 쿠폰 슈타르크 성형 쿠폰 슈타르크 옷 선택권 (슈타르크의 옷, 슈타르크의 겨울옷 중 1개 선택 가능) 슈타르크 신발 선택권 (슈타르크의 신발, 슈타르크의 겨울용 신발 중 1개 선택 가능) 슈타르크 장갑 선택권 (슈타"
official_update_4abd7d0d9af0,클라이언트 1.2.411 업데이트 안내 (아스트라 보조무기),https://maplestory.nexon.com/news/update/794?p=1,official_update_4abd7d0d9af0::chunk::9,9,14400,15587,"정을 받게 됩니다. 놀라운 장비강화 주문서와 관련된 전승 규칙은 현존 최종 장비인 데이모스 세이지 실드, 데이모스 다크니스 실드, 피어리스 프렐류드, 피어리스 리스트에만 적용됩니다. 최종 장비로 볼 수 없고 가치가 상대적으로 낮은 데이모스 워리어 실드, 피어리스 카이트 실드는 스타포스 보정에서 제외되며, 일반 보조무기와 동일한 규칙을 적용합니다. ■ 듀얼블레이드 - 아케인셰이드 블레이드만 전승할 수 있습니다. ※ 단, 이벤트로 지급된 15성 아케인셰이드 블레이드는 전승에 사용할 수 없습니다. - 아케인셰이드 블레이드를 전승하는 경우 전승에 사용되는 블레이드의 스타포스 강화 단계가 동일하게 전승되는 대신 전승 비용이 다르게 적용됩니다. 스타포스 강화 단계 전승 비용 15성 이하 10억 메소 16성 11억 메소 17성 13억 메소 18성 15억 메소 19성 20억 메소 20성 25억 메소 21성 35억 메소 22성 50억 메소 23성 95억 메소 24성 250억 메소 25성 670억 메소 26성 이상 1800억 메소 ※ 27성 이상의 아케인셰이드 블레이드는 26성 아케인셰이드 블레이드와 동일하게 취급합니다. - 주문서 강화로 적용된 능력치가 일정 수준 이상이라면 아스트라 블레이드 전용 공격력 주문서가 추가로 지급됩니다. · 주문서 강화로 적용된 능력치를 아이템 점수로 환산합니다. · LUK은 1점, 공격력은 3점으로 평가합니다. · 아이템 점수가 324점 이상인 경우 아스트라 블레이드 전용 공격력 주문서 10개를 추가로 지급합니다. 개발자 의견 : 블레이드는 이미 스타포스 강화를 진행하였으므로 전승에 사용되는 블레이드의 스타포스 강화 단계도 전승됩니다. 다만, 파괴 복구 비용 차이에 해당하는 비용이 추가로 적용됩니다. 또한 현재까지 아케인셰이드 블레이드에 적용된 가장 높은 스타포스 단계는 26성이며, 해당 단계까지만 스타포스 전승을 지원할 예정이니, 이용에 참고 부탁드립니다. GM소리 올림 댓글 2 뎄슬 2026.01.17 이제 극포실은 스킬도 안주고 업그레이드도 안되는 명백한 하위호환 아이템인데 보스드랍에서 빼시고 그냥 데몬 전용퀘로 무조건 지급을 해줘야할듯 극포실에 메린이가 작 하면 바로 손해고 챌섭에서는 얻기도 쉽지않음 그냥 주는 보조무기를 극포실로 계속 줄거면 업그레이드 수단을 만들어주세요 섈티 2026.01.16 뭐야 일퀘 했는데 에리온의 조각 왜 안줘요; 1 ( 0 /200) 등록"
official_update_05d935ffb1d2,"클라이언트 1.2.411 업데이트 안내 (이벤트, 컨텐츠, 개선사항 및 오류수정)",https://maplestory.nexon.com/news/update/795?p=1,official_update_05d935ffb1d2::chunk::15,15,24000,24441,"ㅣ이벤트 오류 ■ [챌린저스 EXP 듀오] 사용할 듀오 포인트가 없는데, '듀오 포인트 사용하기' 팝업이 나타나는 현상이 수정됩니다. ㅣ메이플 홈 오류 ■ 비정상적으로 메이플 홈이 생성되어 배치 정보가 저장되지 않는 현상이 수정됩니다. ㅣ업적 오류 ■ 소울 컬렉션을 통해 소울 제작을 진행한 캐릭터가 있는 계정에서 소울 조각 합성 횟수 업적이 제대로 표시되지 않는 현상이 수정됩니다. ■ 소울 제작을 통해 최초로 획득한 몬스터의 소울이 위대한 소울인 경우, ‘[소울] 위대한 소울 메이커’ 업적만 달성되고 ‘[소울] 소울 메이커’ 업적이 달성되지 않는 현상이 수정됩니다. ㅣOpen API 오류 ■ 캐릭터 정보 조회의 기본 정보 조회에서 아바타 외형을 조회할 때, 컬러링 프리즘을 적용한 외형이 정상적으로 조회되지 않는 현상이 수정됩니다. GM소리 올림 댓글 0 1 ( 0 /200) 등록"
official_update_bbabf9ebe3c8,수정 클라이언트 1.2.411(4) 업데이트 안내,https://maplestory.nexon.com/news/update/796?p=1,official_update_bbabf9ebe3c8::chunk::1,1,1600,3315,"태 이상이 적용되던 현상이 수정됩니다. ■ 헤어, 성형 뷰티룸의 최대 슬롯이 42개에서 48개로 확장되면서 기본 슬롯이 증가되지 않은 현상이 수정됩니다. ※ 슬롯 확장권을 사용하여 헤어 또는 성형 뷰티룸 슬롯을 6개 초과하여 확장한 캐릭터에 대해서는, 초과하여 사용한 슬롯 확장권 수량만큼 환불이 진행될 예정입니다. ■ 1/15( 목 ) 점검 후 ~ 1/20( 화 ) 점검 전까지 성형룸 / 헤어룸 슬롯 확장권을 사용하여 헤어 또는 성형 뷰티룸 슬롯을 6 개 초과하여 확장한 캐릭터에 대해 아래와 같이 환불이 진행되었습니다 . (2026 년 1 월 22 일 ( 목 ) 오전 11 시 41 분 수정 ) [ 환불 세부 사항 ] ■ 환불 완료 시각 : 2026 년 1 월 22 일 ( 목 ) 오전 11 시 40 분 ■ 환불 내용 : 성형룸 / 헤어룸 슬롯을 6 개 초과하여 확장 시 사용된 확장권 금액에 따라 구매 수단별 환불 구매 수단 환불 재화 넥슨캐시 넥슨캐시 환불 넥슨캐시 + 마일리지 구매 넥슨캐시 결제분은 넥슨캐시 환불 마일리지 결제분은 마일리지 환불 메이플포인트 메이플포인트 환불 그 외 수단 (EX. 메이플 옥션 구매 ) ■ 유의사항 - 넥슨캐시는 넥슨 ID 별로 환불이 진행되며 , 넥슨 홈페이지 내 [ 내정보 > MY 결제 ] 에서 확인할 수 있습니다 . - 메이플포인트는 메이플 ID 별로 환불이 진행되며 , 보유한 메이플포인트에 즉시 합산되어 게임 내 [인벤토리 > 보유한 메이플포인트]에서 확인할 수 있습니다 . - 마일리지의 유효기간은 2026 년 2 월 28 일 ( 토 ) 오후 11 시 59 분이며 , 기간 내 사용해주세요 . ■ 아이템 교환 과정에서 인벤토리 부족 등으로 교환이 실패하는 경우, 일시적으로 메소를 수령한 것처럼 보이는 현상이 수정됩니다. 메이플핸즈+ 메이플핸즈+ ■ 메이플핸즈+에서 메이플 옥션을 이용할 수 없는 현상이 수정됩니다. GM소리 올림 댓글 60 츠하로시마 2026.01.28 솔 헤카테 쓴 뒤에 그냥 바인드 먹히던데 절대바인드가 아니라고요? 저 이해가 잘 안 되는데... 값죽스 2026.01.27 역시 일리움은 개사기야... 게이트 -> 황혼 -> 게이트 (연쇄작용) + 헤카테 개사기 놓임 2026.01.21 테섭을 제대로 안해봐서 그런건지 절대바인드인지는 ** 못했으나 성능을 보고 솔 에르다 5개짜리 4만원어치 총20개를 구매해서 20렙을 찍어놨습니다 근데 이렇게 한가지를 뺏어간다는건 좀 그러네요 물론 성능은 여전히 좋고 그런건 알지만 유저들은 석 나갈만하다고 봅니다. v최후y전사v 2026.01.21 캐릭에있던재화다어디로간거여?? 막대과자 2026.01.21 개선 사항은 모르겠고. 업데이트 할 때마다 실제 필요한 용량 2배 확보해야하는 현상 고치세요. 이번앤데어 2026.01.21 good얘는 닉도 안까고 뭐라는거야.. 난 이번앤데어 이번사태가 뭣같다. 졸쌕 2026.01.21 이런건 안하는게 맞다 SALTYPUNCH 2026.01.20 저 더스크 잡는데 헤카테 버그 악용했습니다. 재화 회수 및 임시 정지 부탁드립니다. 뇨뇨띠 2026.01.20 솔에르다 ㅈㄴ처팔아놓고 ㅋㅋ 유챔검마한사람들만 개이득이내 goodbyeUNI 2026.01.20 진짜 잘 몰라서 그런데 절대 바인드 판정에서 그냥 바인드 판정으로 바뀐거 말고 또 너프 먹은거 있음? 댓글다는 애들 어차피 일억 플마단에 더스크말고 다 똑같을텐데 사료 달라고 지금 눕고 wwe 하는거임? 1 2 3 4 5 6 ( 0 /200) 등록"
official_update_38bf174bcd04,클라이언트 1.2.412 업데이트 안내,https://maplestory.nexon.com/news/update/797?p=1,official_update_38bf174bcd04::chunk::17,17,27200,29000,"한 길드원의 위치로 이동, 재사용 대기 시간 1시간 · 길드 Lv. 10 * 길드의 노하우 III : 일반 몬스터 공격 시 데미지 12% 증가 * 장사꾼 : 상점에서 물건 구매 시 4% 싸게 구매 가능. 단, 판매 가격 대비 구매 가격이 70% 이상일 경우 적용되지 않음 · 길드 Lv. 15 * 길드의 노하우 IV : 공격력 4, 마력 4 증가 * 주문서 강화의 달인 : 주문의 흔적 및 전용 주문서를 이용한 주문서 강화 시 성공 확률 +4% 증가 · 길드 Lv. 20 * 길드의 노하우 V : 힘 40, 민첩 40, 지력 40, 운 40, 체력 2000 증가 * 죽음이 두렵지 않은 : 사망 페널티 지속시간 30% 감소 · 길드 Lv. 25 * 길드의 노하우 VI : 공격력 5, 마력 5 증가 * 주문서 강화의 장인 : 주문서 강화 실패 시 4% 확률로 주문서 잔여 횟수 차감하지 않음 · 길드 Lv. 30 * 샤레니안의 악마 라이딩 : 샤레니안의 악마 라이딩 탑승 시 이동속도 190, 점프력 120 증가 - G 포션을 더 이상 획득할 수 없게 됩니다. - 길드의 축복, 길드의 더 큰 축복을 획득하거나 사용할 수 없게 됩니다. ※ 길드의 더 큰 축복을 통해 얻을 수 있던 능력치는 일반 길드 스킬 ‘길드의 노하우 I’에 통합됩니다. - 노블레스 길드 스킬 포인트를 지난 주보다 같거나 많이 획득한 경우, 이미 투자한 노블레스 스킬 포인트 상태가 유지되도록 변경됩니다. ※ 지난 주보다 적은 양의 노블레스 스킬 포인트를 획득한 경우, 기존과 동일하게 목요일 자정에 노블레스 스킬 포인트 투자 상태가 초기화됩니다. ■ 길드 게시판 - 게시물 말머리가 추가됩니다. · 기본으로 ‘공지’, ‘자유’ 말머리가 제공됩니다. · 기본으로 제공되는 말머리 외 최대 3개까지 추가할 수 있습니다. · 말머리별 글쓰기, 읽기 권한을 설정할 수 있습니다. - 게시물의 조회 수를 확인할 수 있게 됩니다. - 일정 추천 수 이상 게시물만 볼 수 있는 기능이 추가됩니다. - 게시판 관리자가 특정 게시물을 상단에 고정시킬 수 있는 기능이 추가됩니다. - 게시물 작성 시 이용할 수 있는 투표 기능이 추가됩니다. - 댓글 작성 시 대댓글 기능이 추가됩니다. ■ 플래그 레이스 - 플래그 레이스의 입장 조건이 삭제됩니다. - 플래그 레이스를 제한 시간 내에 완주할 경우 기록에 관계없이 플래그 레이스 포인트 1000점이 지급되도록 변경됩니다. 캐시 캐시 ■ MapleStory x 장송의 프리렌 신규 아이템이 판매됩니다. - 판매 기간 : 2026년 2월 12일(목) 점검 후 ~ 3월 18일(수) 오후 11시 59분 - 판매 아이템 : 장송의 프리렌 코디 컬렉션, 장송의 프리렌 굿즈 컬렉션, 스페셜 루나 크리스탈, 스페셜 루나 쁘띠 펫장비 4종 ※ 넥슨캐시로만 구매가 가능하며, 사용 전 1회 교환할 수 있습니다. ■ 장송의 프리렌 코디 컬렉션에서는 정해진 확률에 따라 아이템 1개를 획득할 수 있습니다. 획득할 수 있는 아이템은 아래와 같습니다. 보상 수량 교환 여부 유효 기간 프리렌 아바타 세트 교환권 1 1회 교환 가능 (거래 후 월드 내 나의 캐릭터 간 이동만 가능) 영구 프리렌 아바타 세트 교환권 (롤빵) 프리렌 아바타 세트 교환권 (잠옷) 페른 아바타 세트 교환권 슈타르크 아바타 세트 교환권 힘멜 아바타 세트 교환권 위벨 아바타 세트 교환권 아우라 아바타 세트 교환권 리니에 아바타 세트 교환권 류그너 아바타 세트 교환권 ■ 장송의 프리렌 코디 컬렉션에서 획득할 수 있는 아바타 세트 교환권 상세 구성품은 아래와 같습니다. 아이템 구성품 프리렌 아바타 세트 교환권 프리렌 헤어 쿠폰 프리렌 성형 쿠폰 프리렌 옷 선"
official_update_38bf174bcd04,클라이언트 1.2.412 업데이트 안내,https://maplestory.nexon.com/news/update/797?p=1,official_update_38bf174bcd04::chunk::32,32,51200,53000,"어색한 현상이 수정됩니다. ■ 소울웨폰을 착용한 상태로 캐릭터가 사망했을 경우, 소울 게이지 변동이 생기기 전까지 소울웨폰 UI를 열 수 없는 현상이 수정됩니다. ■ 버프 매니저의 유니온의 경험 아이템이 경험치 2배 쿠폰 아이템을 보유하고 있는 경우에도 보유 중으로 잘못 표시되는 현상이 수정됩니다. ■ 유니온의 부 2단계 효과가 적용 중일 때, 버프 시퀀스 미적용 버프 사용 기능을 통해 유니온의 부 3단계가 적용될 수 있는 현상이 수정됩니다. ■ 미니게임 UI를 연 상태에서 간혹 움직일 수 있는 현상이 수정됩니다. ■ 아이템 교환 UI에서 치장 탭의 아이템 리스트가 어색하게 출력되는 현상이 수정됩니다. ■ 월드 통합 보스 컨텐츠 <차원의 전장>에서 월드 통합 보스 UI의 파티 찾기 버튼이 정상적으로 동작하지 않는 현상이 수정됩니다. ■ 간편 접속 UI에 표시되던 캐릭터가 삭제되었을 때, 간편 접속이 가능한 캐릭터가 없는 상태로 표시되지 않고 정보를 불러오고 있는 중으로 표시되는 현상이 수정됩니다. ■ 몬스터 컬렉션에서 아르마, 아르마의 부하 몬스터 더블클릭 시 월드맵 안내를 하지 않는 현상이 수정됩니다. ■ 아이템 교환 진행 중 특정 상황에서 거래를 통해 획득한 메소 수치가 정상적으로 출력되지 않는 현상이 수정됩니다. ■ 길라잡이 UI의 레벨별 컨텐츠 탭 및 빠른 이동 항목에 표시되는 스크롤 버튼을 항목 끝까지 드래그해도 스크롤 여백이 약간 남아 보이는 현상이 수정됩니다. ■ 길드 스킬 UI에서 노블레스 길드 스킬이 버프 시퀀스 등록 가능 여부가 보이지 않던 현상이 수정됩니다. ■ 심볼 퀵패스 UI를 통해 아케인 리버, 그란디스 일일 퀘스트를 완료하는 경우 일일 퀘스트 누적 완료 업적의 카운트가 증가하지 않는 현상이 수정됩니다. ■ 제로 캐릭터가 알파 및 베타 커스텀 일러스트를 적용 중일 때 알파로 접속을 종료하면, 다음 접속 시 베타의 커스텀 일러스트가 해제되어 보이는 현상이 수정됩니다. ㅣ이벤트 오류 ■ [엘라노스 크로니클] '고대의 힘' 스킬 설명에서 어센틱심볼 증가 개수가 잘못 안내된 현상이 수정됩니다. ■ [환영의 기억] 이미 구매한 '하트 업그레이드 모듈: 플라즈마’의 아이템 설명에 남은 수량이 1개로 표기되는 현상이 수정됩니다. ■ [버닝 익스프레스] 부스터 사용에 실패했을 때 나타나는 메시지의 맞춤법이 어색한 현상이 수정됩니다. ■ [챌린저스 파트너] 파트너로이드 망토 외형이 가끔 선택받은 세렌(하드) 격파 시점의 외형으로 출력되지 않는 현상이 수정됩니다. ■ [챌린저스 EXP 듀오] 듀오 포인트 사용 기한이 지났음에도, 듀오 포인트로 레벨 업을 할 수 있다는 메시지가 출력되는 현상이 수정됩니다. ㅣ넥슨링크 오류 ■ 모바일 네트워크가 불안정한 환경에서 넥슨링크를 이용한 리모트 플레이 시 가끔 조작이 되지 않는 현상이 수정됩니다. ㅣMac 버전 베타 서비스 오류 ■ 일부 아이템의 툴팁 글자가 흐릿하게 보이는 현상이 수정됩니다. ■ 게임 설치 시 설치 가능 용량이 잘못 표시되는 현상이 수정됩니다. GM소리 올림 댓글 22 스나랑이 2026.02.14 도대체 패치하는데 여유 용량이 왜 이렇게 많이 필요한건지; 렌탈장비 2026.02.13 옥션 풀어!!! 남로빈 2026.02.13 안돼요 패치가;; K블루Y 2026.02.13 저두 33기가 남았는데 안됨요 ㅡ,.ㅡ!! 여긴트롤없네 2026.02.13 진짜.. 저도 40G 넘게 남았는데 용량 문제 패치 실패로 집에서는 강제로 메이플 못하게 생겼네요. 이거 맞는 상황인지..? 다른 게임 삭제하거나 하는 방법으로 여유 용량 더 늘려도 될 거라는 보장도 없고 참...(패치시 필요 용량 미고지로) 이 상태로 해결 "
official_update_5630d629e12d,수정 클라이언트 1.2.413 업데이트 안내 (이벤트),https://maplestory.nexon.com/news/update/798?p=1,official_update_5630d629e12d::chunk::19,19,30400,32200,"벤트를 통해 다양한 선물을 받아가세요! ■ 이벤트 참여 대상 - 프리미엄 PC방에서 접속한 모든 캐릭터 ■ 이벤트 참여 기간 - 프리미엄 PC방 접속 보상 이벤트 진행 기간 : 2026년 3월 20일 (금) 오전 0시 ~ 4월 16일(목) 오후 11시 59분 ■ 이벤트 참여 방법 - 프리미엄 PC방에 접속 후, 화면 좌측의 프리미엄 PC방 알림이를 통해 누적 시간과 보상을 확인할 수 있습니다. - 프리미엄 PC방 보상은 이벤트 리스트 ‘프리미엄 PC방 접속 이벤트’를 클릭하거나, 전체 메뉴 > 이벤트·마일리지 > 프리미엄PC 메뉴를 통해서도 확인 가능합니다. ■ 일일 누적 접속 시간 보상 - 매일 최대 5시간까지 누적할 수 있습니다. - 주중에 프리미엄 PC방에서 접속 시 누적 시간에 따라 아래의 보상을 획득할 수 있습니다. 누적 시간 보상 수량 교환 여부 유효 기간 10분 마일리지 100 1 교환 불가 1일 30분 마일리지 100 1 교환 불가 60분 마일리지 500 1 교환 불가 90분 마일리지 500 1 교환 불가 VIP 사우나 이용권 1 월드 내 나의 캐릭터 간 이동만 가능 - 주말에 프리미엄 PC방에서 접속 시 누적 시간에 따라 아래의 보상을 획득할 수 있습니다. 누적 시간 보상 수량 교환 여부 유효 기간 10분 마일리지 100 1 교환 불가 1일 VIP 부스터 2 월드 내 나의 캐릭터 간 이동만 가능 30분 마일리지 100 1 교환 불가 VIP 부스터 2 월드 내 나의 캐릭터 간 이동만 가능 60분 마일리지 500 1 교환 불가 VIP 부스터 2 월드 내 나의 캐릭터 간 이동만 가능 90분 마일리지 500 1 교환 불가 VIP 사우나 이용권 1 월드 내 나의 캐릭터 간 이동만 가능 ※ 일일 누적 접속 시간 보상은 월드 관계없이 메이플ID당 한 번만 101레벨 이상의 캐릭터로 받을 수 있습니다. ※ 2026년 6월 17일(수) 오후 11시 59분 이전에 충전한 VIP 사우나 이용 시간은 2026년 6월 17일(수) 오후 11시 59분 이후 소멸합니다. ※ 일일 누적 접속 시간 보상은 프리미엄 PC방이 아닌 곳에서도 받을 수 있으며, 이벤트 리스트 ‘프리미엄 PC방 접속 이벤트’ 클릭 또는 전체 메뉴 > 이벤트·마일리지 > 프리미엄PC 메뉴를 통해 받을 수 있습니다. ■ 총 누적 접속 시간 보상 - 프리미엄 PC방에서 총 누적 접속 시간에 따라 아래의 보상을 획득할 수 있습니다. 누적 시간 보상 수량 유효 기간 교환 여부 15시간 솔 에르다/솔 에르다 조각 선택권 3 30일 월드 내 나의 캐릭터 간 이동만 가능 30시간 상급 EXP 교환권 2000 7일 베이지 올리브 세트 1 30일 45시간 카르마 블랙 큐브 30 30일 60시간 카르마 화이트 에디셔널 큐브 30 30일 ※ 총 누적 접속 시간 보상은 월드 관계없이 메이플ID당 한 번만 101레벨 이상의 캐릭터로 받을 수 있습니다. ※ 총 누적 접속 시간 보상은 프리미엄 PC방이 아닌 곳에서도 받을 수 있으며, 이벤트 리스트 또는 ‘프리미엄 PC방 접속 이벤트’ 클릭 또는 전체 메뉴 > 이벤트·마일리지 > 프리미엄PC 메뉴를 통해 받을 수 있습니다. ※ 베이지 올리브 세트를 사용하면 선택한 성별의 의상에 따라 베이지 올리브 세트를 획득할 수 있으며, 획득한 의상은 영구, 교환불가입니다. GM소리 올림 댓글 5 UN기문총장 2026.03.26 명의당1회 이벤트 제거좀 ㅡㅡ 삭제하면 할수있게.. 캐릭터맘에안들어서 캐삭도하고 아이디바꿨는데 안되는게말임??? 무슨 복귀유저라 많이바껴서모르는데 캐릭터를해보도않고 한번에골라야되는게 너무가혹함. 그래서 맞는캐릭찾으려니 이미 골랐으면 거기서 이벤트 참가조건탈락. 아이템ㅂ머"
official_update_5630d629e12d,수정 클라이언트 1.2.413 업데이트 안내 (이벤트),https://maplestory.nexon.com/news/update/798?p=1,official_update_5630d629e12d::chunk::20,20,32000,32406," 의상은 영구, 교환불가입니다. GM소리 올림 댓글 5 UN기문총장 2026.03.26 명의당1회 이벤트 제거좀 ㅡㅡ 삭제하면 할수있게.. 캐릭터맘에안들어서 캐삭도하고 아이디바꿨는데 안되는게말임??? 무슨 복귀유저라 많이바껴서모르는데 캐릭터를해보도않고 한번에골라야되는게 너무가혹함. 그래서 맞는캐릭찾으려니 이미 골랐으면 거기서 이벤트 참가조건탈락. 아이템ㅂ머닝, 루시드, 프론티어패스 등등등 미우스나워 2026.03.22 이번에는 270랩 1+1 안하내요ㅠㅠ 붉은눈빛매화 2026.03.19 처음으로 루나 쁘띠 자석펫 지급하네 추후로도 유입용으로 세트 효과는 안되는 선으로 이렇게 시즌별 기수로 루나 쁘띠 자석펫 지급하려나? 벌꿀노루 2026.03.19 신 창 섭 딜쉔 2026.03.19 대 창 섭 1 ( 0 /200) 등록"
official_update_86fa4ea382de,클라이언트 1.2.413(4) 업데이트 안내,https://maplestory.nexon.com/news/update/800?p=1,official_update_86fa4ea382de::chunk::0,0,0,1800,"1. 오류 수정 안녕하세요 용사님 메이플스토리 1.2.413(4) 업데이트가 3월 24일(화) 진행되었습니다. 목차 ■ 오류 수정 오류 수정 오류 수정 ■ 아래의 아이템이 중복 장착 불가로 변경되며, 중복 장착 중인 경우 능력치가 중복 적용되지 않도록 변경됩니다. - 실버 스타 리슬릿 - 티어 스텔라 - 스타 글리터 - 셀레스티얼 인이어 ※ 중복 장착을 목적으로 위 아이템을 2개 이상 구매/보유하신 용사님들 중 환불을 원하시는 용사님께서는 아래 조건을 참고하시어 고객센터를 통해 문의 접수 부탁드립니다. 3/24(화) 마이너버전(4) 패치 이전 구매 건에 한하여 구매일로부터 7일 이내 환불이 가능하며, 문의 시 구성품 회수 후 각 구매 수단별 환불이 진행될 예정입니다. (넥슨캐시로 구매했을 경우 구성품 전체 회수 후 넥슨캐시 환불 / 메이플 옥션에서 구매 시, 구매한 부위 회수 후 메소 환불) - 각 월드 기준으로 아스트랄 세레나데 패키지 세트를 2개 이상 구매/보유 [ 아스트랄 세레나데 패키지 넥슨캐시 환불 신청 바로가기 ] ■ 감시자 칼로스(이지, 노멀, 카오스, 익스트림)에서 구속의 눈 공격 도중 점령 해제 시 공격에 피격이 가능한 현상이 수정됩니다. ■ 카링(이지, 노멀, 하드, 익스트림) 3페이즈에서 전투 중 가끔 클라이언트가 멈추는 현상이 수정됩니다. ■ 가끔 루시드로 변신하지 않고 ‘윔지컬 드림’ 스킬을 사용할 수 있는 현상이 수정됩니다. ■ 악몽의 숲, 몽환의 시련 입장 시 가끔 컨티뉴어스 링이 발동되지 않는 현상이 수정됩니다. ■ 연무장 <잔영의 전당>에서 듀얼블레이드의 리플레이 재생 시 가끔 클라이언트가 종료되는 현상이 수정됩니다. GM소리 올림 댓글 36 롱짱짱 2026.03.31 3월 19일 업데이트 이후로 게임하다가 서버 튕기는 현상, 마우스 클릭시 화면 이탈현상이 너무 잦습니다.. 다른 웹사이트 접속 및 게임은 원활한걸로 봐서 클라이언트 자체에 문제가 있는것 같은데 날린 경쿠가 몇갠지를 모르겠네요.... 다로론 2026.03.31 명의당 이벤트를 제거하면안됩니다 쌀숭이 박멸될떄까지! 창스코는 합니다 내사랑키네 2026.03.28 명의당 1회를 동일 명의내 다른계정으로좀 할수있게 해주세요...잘못설정했는데 ,, 계정 삭제를 하면 다른 계정으로 할 수 있게라도 해줘요 UN기문총장 2026.03.26 명의당1회 이벤트 제거좀 ㅡㅡ 삭제하면 할수있게.. 캐릭터맘에안들어서 캐삭도하고 아이디바꿨는데 안되는게말임??? 무슨 복귀유저라 많이바껴서모르는데 캐릭터를해보도않고 한번에골라야되는게 너무가혹함. 그래서 맞는캐릭찾으려니 이미 골랐으면 거기서 이벤트 참가조건탈락. 아이템ㅂ머닝, 루시드, 프론티어패스 등등등 샤타필드하남 2026.03.25 루시드 명의당 1회인거 잘못 지정했을때 취소할 수 있게좀 해주세요 보우우쌀쌀쌀 2026.03.25 패치 좀 제대로 해라; 피방에서 접속을 못하네 하 네네 2026.03.25 1024x768 전체화면시 화면 흐려보이는현상.. 고쳐주세요... 전체화면으로 게임시.. 마우스 사라짐과ㅗ시에 클릭시 바탕화면으로 팅깁니다... 사람답게해 2026.03.25 님들 노트북으로 겜중인데 저번 마이너 패치이후 자꾸 에러코드-40 뜨는데 어떻게해요..? 몇십번 도전해서 겨우 설치하고 들어가도 5분안에 자꾸 네트워크오류or 불법프로그램 감지 등으로 팅기고 또 재설치해도 계속 에러코드-40떠서 겜을 할수가없어요.. ㅠ 넥슨문의 ,챗지피티 에서 한 방법들 다 했는데도 안돼요 ㅠ 파워발동 2026.03.25 리레링 보스에서 1번밖에 사용안되고, 클릭하면 화면나가지는거 대체 언제 고쳐주는거임? 서린바린 2026.03.24 업뎃 왤케 오래걸림?ㅜㅜ "
official_update_85a5b90f29c2,"수정 클라이언트 1.2.414 업데이트 안내 (이벤트, 컨텐츠, 개선사항 및 오류 수정)",https://maplestory.nexon.com/news/update/802?p=1,official_update_85a5b90f29c2::chunk::17,17,27200,29000,"용 비율에 영향받지 않습니다. - 캐릭터 정보 UI의 아이템 드롭률 능력치 관련 설명이 보완됩니다. - 프리미엄 PC방 드롭률 증가 효과가 보스 컨텐츠에서 최대 데미지를 준 캐릭터가 아닌 마지막 타격을 가한 캐릭터 기준으로 모든 보상에 적용되는 현상이 수정됩니다. ■ 잠재 옵션 - 아래 잠재 옵션의 효과 발동 확률이 표기된 확률보다 높게 적용되는 현상이 수정됩니다. · 피격 시 일정 확률로 데미지 무시 · 피격 시 일정 확률로 데미지의 일정 비율 무시 · 공격 시 일정 확률로 HP 회복 (무기, 보조무기, 엠블렘에 보유 시) · 공격 시 일정 확률로 MP 회복 (무기, 보조무기, 엠블렘에 보유 시) · 공격 시 일정 확률로 중독 효과 적용 · 공격 시 일정 확률로 기절 효과 적용 · 공격 시 일정 확률로 슬로우 효과 적용 · 공격 시 일정 확률로 암흑 효과 적용 · 공격 시 일정 확률로 빙결 효과 적용 · 공격 시 일정 확률로 봉인 효과 적용 · 피격 시 10% 확률로 10초간 분노를 느낀다. · 피격 시 10% 확률로 10초간 행복을 느낀다. · 피격 시 10% 확률로 10초간 사랑에 빠진다. · 피격 시 10% 확률로 10초간 격노를 느낀다. · 피격 시 10% 확률로 10초간 감동을 느낀다. - 아래 잠재 옵션의 효과 발동 확률이 표기된 확률보다 낮게 적용되는 현상이 수정됩니다. · 일정 확률로 받은 피해의 일정 비율을 반사 - 공격 시 일정 확률로 HP, MP 회복 옵션의 동작 오류가 수정됩니다. · 해당 옵션을 여러 개 보유한 경우, 가장 마지막 옵션만 동작하는 현상이 수정됩니다. · 무기에 해당 옵션을 보유한 경우, 옵션 발동 시 2회 발동하는 현상이 수정됩니다. ※ 기존과 동일하게 동일한 발동 확률의 옵션을 여러 개 보유한 경우, 해당 확률 검사 통과 시 회복 효과는 서로 합산되어 적용됩니다. 서로 다른 발동 확률의 옵션을 보유한 경우, 각 옵션은 독립적으로 확률 검사를 수행하고, 회복 효과도 독립적으로 적용됩니다. - 피격 시 일정 확률로 일정 시간 동안 무적 옵션의 동작 오류 및 동작 방식이 수정됩니다. · 해당 옵션을 여러 개 보유한 경우, 가장 마지막 옵션만 동작하는 현상이 수정됩니다. · 동일한 발동 확률의 옵션을 여러 개 보유한 경우, 각 옵션의 확률이 합산된 확률로 확률 검사를 수행하게 변경됩니다. 확률 검사 통과 시 적용되는 무적 시간은 합산되지 않습니다. ※ 기존과 동일하게 서로 다른 발동 확률의 옵션을 보유한 경우, 각 옵션은 독립적으로 확률 검사를 수행하고, 무적 효과도 독립적으로 적용됩니다. - 잠재능력, 에디셔널 잠재능력 재설정 시 재설정 전과 동일한 옵션이 등장하는 오류가 수정됩니다. ■ 크리티컬 확률 - 크리티컬 확률이 100%일 경우 99.99999%로 동작하는 현상이 수정됩니다. - 크리티컬 확률이 표기된 것보다 높게 적용되는 현상이 수정됩니다. GM소리 올림 댓글 12 랩플러스 2026.04.19 제발 쓸데없는 잊힌 맵, 콘텐츠, 사냥터, 마을 좀 통폐 합 좀, 그리고 퀘스트 완료하면 퀘스트 창에 스크롤이 자동으로 아래로 내려가는데 창을 아무리 닫고 열어도 아래로 내려가 있는 거 짜증 난다 제발 안 내려가게 하라 Jun카자마0pm 2026.04.18 몬스터 컬렉션 장난하냐!? 천향국색 2026.04.18 재설치를하면 패치가 자동으로 완료가되어있어야지 뭔 재설치이후에 또 패치를처하는건 무슨경우냐 맹고련 2026.04.17 용량이 넉넉하지 않아서 매번 재설치해서 다운을 받는데 다운 받고 업데이트가 또 있어서 용량 부족하다고 깔리지가 않아요... 63기가 있는데 말이죠 메로나메린이 2026.04.17 하오문//감사합니다 청하"
official_update_d1bce264037a,"수정 클라이언트 1.2.414 업데이트 안내 (공용 코어, 스킬 조정)",https://maplestory.nexon.com/news/update/801?p=1,official_update_d1bce264037a::chunk::18,18,28800,30600,"3%로 증가됩니다. · 거울 속의 거미의 거미 다리의 데미지가 마스터 레벨 기준 385%에서 1078%로 증가됩니다. - 크레스트 오브 더 솔라 · 미트라의 불꽃의 데미지가 마스터 레벨 기준 1650%에서 4621%로 증가됩니다. · 불꽃의 문양의 데미지가 마스터 레벨 기준 440%에서 1232%로 증가됩니다. · 불꽃의 문양이 1명을 공격할 경우의 데미지가 마스터 레벨 기준 605%에서 1694%로 증가됩니다. - 솔 야누스 : 새벽 · 순환의 고리의 데미지가 마스터 레벨 기준 690%에서 1996%로 증가됩니다. - 솔 야누스 : 황혼 · 태초의 결정의 데미지가 마스터 레벨 기준 1035%에서 3025%로 증가됩니다. - 망혼강림 VI · 연무장 <연마의 전당>에서 측정 시작 시 사용 횟수가 초기화되는 현상이 수정됩니다. - 창룡파천검 : 일매낙화 천비인적 · 연무장 <잔영의 전당> 리플레이에서 청룡파천검 : 일매낙화 천비인적 사용 중 퇴장 시 창룡파천검 : 일매낙화 천비인적을 계속해서 사용할 수 있는 현상이 수정됩니다. ■ 라라 - 에르다 샤워 · 에르다 샤워의 데미지가 마스터 레벨 기준 900%에서 1557%로 증가됩니다. · 에르다 파운틴의 데미지가 마스터 레벨 기준 900%에서 1557%로 증가됩니다. - 스파이더 인 미러 · 공간 붕괴의 데미지가 마스터 레벨 기준 990%에서 2196%로 증가됩니다. · 거울 속의 거미의 거미 다리의 데미지가 마스터 레벨 기준 385%에서 854%로 증가됩니다. - 크레스트 오브 더 솔라 · 미트라의 불꽃의 데미지가 마스터 레벨 기준 1650%에서 3661%로 증가됩니다. · 불꽃의 문양의 데미지가 마스터 레벨 기준 440%에서 976%로 증가됩니다. · 불꽃의 문양이 1명을 공격할 경우의 데미지가 마스터 레벨 기준 605%에서 1342%로 증가됩니다. - 솔 야누스 : 새벽 · 순환의 고리의 데미지가 마스터 레벨 기준 690%에서 1194%로 증가됩니다. - 솔 야누스 : 황혼 · 태초의 결정의 데미지가 마스터 레벨 기준 1035%에서 1791%로 증가됩니다. ■ 호영 - 선기 : 몽유도원 · 연무장 <연마의 전당>에서 스킬 이펙트가 가끔 어색하게 보이는 현상이 수정됩니다. - 에르다 샤워 · 에르다 샤워의 데미지가 마스터 레벨 기준 900%에서 1512%로 증가됩니다. · 에르다 파운틴의 데미지가 마스터 레벨 기준 900%에서 1512%로 증가됩니다. - 스파이더 인 미러 · 공간 붕괴의 데미지가 마스터 레벨 기준 990%에서 1732%로 증가됩니다. · 거울 속의 거미의 거미 다리의 데미지가 마스터 레벨 기준 385%에서 673%로 증가됩니다. - 크레스트 오브 더 솔라 · 미트라의 불꽃의 데미지가 마스터 레벨 기준 1650%에서 2886%로 증가됩니다. · 불꽃의 문양의 데미지가 마스터 레벨 기준 440%에서 770%로 증가됩니다. · 불꽃의 문양이 1명 공격할 경우의 데미지가 마스터 레벨 기준 605%에서 1058%로 증가됩니다. - 솔 야누스 : 새벽 · 순환의 고리의 데미지가 마스터 레벨 기준 690%에서 1159%로 증가됩니다. - 솔 야누스 : 황혼 · 태초의 결정의 데미지가 마스터 레벨 기준 1035%에서 1739%로 증가됩니다. GM소리 올림 댓글 6 일진o슈터 2026.04.21 아크, 공용코어 1렙 수정좀 부탁드립니다 빨리 .. ㅠㅠ 랩플러스 2026.04.19 필요 없어진 스킬 통폐 합 좀, 스킬도 너무 많고 쓸데없고 필요 없는 스킬들 너무 많음, 필요 없어진 퀘스트, 마을, 콘텐츠, 파티 등 많음 제발 용량도 줄이고 통폐합 좀 하아 너무 느리고 쓸데없는 거 너무 많음 킹존끄 2026.04.1"
official_update_fda4c26760ef,클라이언트 1.2.414(3) 업데이트 안내,https://maplestory.nexon.com/news/update/803?p=1,official_update_fda4c26760ef::chunk::0,0,0,1800,"1. 오류 수정 2. 아이템 개선 안녕하세요 용사님 메이플스토리 1.2.414(3) 업데이트가 4월 21일(화) 진행되었습니다. 목차 ■ 오류 수정 ■ 아이템 개선 오류 수정 오류 수정 ■ 월드 선택창의 보안 설정 창에서 넥슨 OTP 인증을 3회 연속 실패한 경우, 이후 게임 접속이 지속적으로 불가능한 현상이 수정됩니다. ■ 오리진 스킬의 스킬 가속 효과가 캐릭터 사망 후 부활 시 유지되지 않는 현상이 수정됩니다. ■ 오리진 스킬의 스킬 가속 효과가 가끔 일정 시간마다 준비되는 스킬에 정상적으로 적용되지 않는 현상이 수정됩니다. ■ 일부 컨텐츠에서 오리진 스킬 사용 후 일정 시간마다 준비되는 아래 스킬 사용 시 가끔 준비가 되지 않는 현상이 수정됩니다. - 비숍 - 디바인 퍼니시먼트 - 바이퍼 - 퓨리어스 차지 - 캐논슈터 - 빅 휴즈 기간틱 캐논볼 ■ 일부 컨텐츠에서 오리진 스킬 사용 후 일정 시간마다 준비되는 아래 스킬 사용 시 준비 시간이 정상적으로 적용되지 않는 현상이 수정됩니다. - 캐논슈터 - 롤링 캐논 레인보우 VI - 윈드브레이커 - 하울링 게일 ■ 솔 헤카테 : 팩텀의 투명도 설정이 아래 스킬 이펙트에도 적용되는 현상이 수정됩니다. - 솔 헤카테의 순간 이동 - 솔 헤카테의 솔 에르다 입자 - 솔 헤카테 : 스틱스 ■ 솔 헤카테 : 팩텀의 투명도 설정이 다른 PC에서 적용되지 않는 현상이 수정됩니다. ■ 솔 헤카테 : 팩텀의 투명도 설정을 최대로 낮추면 솔 헤카테가 보이지 않는 현상이 수정됩니다. ■ 다른 캐릭터의 캐릭터 정보 UI의 솔 헤카테 스킬 아이콘이 자신이 장착한 스킨으로 보이는 현상이 수정됩니다. ■ 콜 마스테마 VI 시전 시 즉시 러블리 테리토리가 적용되도록 변경됩니다. ■ 콜 마스테마 VI에 매뉴얼 모드가 추가됩니다. 매뉴얼 모드를 사용하면 스킬 재사용 시 러블리 테리토리가 적용됩니다. ■ 콜 마스테마 VI의 러블리 테리토리가 사망 후 부활 시 유지되지 않는 현상이 수정됩니다. ■ 콜 마스테마 VI 시전 후 스킬을 재사용하지 않고 사망 시 러블리 테리토리를 적용할 수 없는 현상이 수정됩니다. ■ 매직 서킷 풀드라이브 VI의 마력 폭풍 발생 시 칼리의 다크 사이트가 해제되는 현상이 수정됩니다. ■ 비숍의 홀리 파운틴을 아래 스킬들이 소환된 위치에 소환할 수 있도록 변경됩니다. - 공용 – 쓸만한 미스틱 도어 - 비숍 – 미스틱 도어 - 캐논슈터 – 풀 메이커의 보급품 - 메카닉 – 오픈 게이트 : GX-9 - 일리움 – 크리스탈 게이트 - 라라 – 발현 : 강줄기 흐르는 곳 아이템 개선 아이템 개선 ■ 솔 에르다와 솔 에르다의 기운 아이템을 사용 시 '교환 불가'와 '월드 내 나의 캐릭터간 이동만 가능' 아이템이 구분되어 사용되도록 개선됩니다. GM소리 올림 댓글 22 망망치치 2026.04.22 패치파일검사 뭔 맨날 하루종일 쳐걸리냐 ㅡㅡ 모펜 2026.04.22 다운로드 파일에 제발 패치후버젼좀 올려줘요 첫번째의렌 2026.04.22 진짜 패치할 때 마다 손상오류 뜨네 패치할 때 마다 재설치하라는건가? 답이 없는 게임이네 훈톨이쨩 2026.04.22 칼리 버그는 왜 안고쳐줘 ... 러쉬쓸때 매서풀터지면 닼사 꺼진다고 ㅡㅡ ... 유틸도 닼사 1개밖에없는 직업인데 무선VS유선 2026.04.22 나는 단 한번도 업데이트 실패 한적없다.... ㅋㅋㅋㅋ 엉덩이감별사 2026.04.22 업데이트 실패나 좀 고쳐라 시라가미 2026.04.22 패치 한번에 해라 출석하고 끄는데 재미도없는데 ** 오래걸리네 ㅇㅇ 쨩연희 2026.04.21 으헤헤 뽀찌센세 2026.04.21 저기요 패치 계속 실패하잖아요. 일 더하세요 Temo렌 2026.04."
official_event_d8c98da0a99d,수정2 [체인지 버닝] 루시드 드림,https://maplestory.nexon.com/News/Event/Ongoing/1297,official_event_d8c98da0a99d::chunk::0,0,0,1800,"아래 내용이 수정되었습니다 . ( 기존 ) 악몽 침식이 진행되는 경우 , 사냥터에 남아있던 드림 이터는 모두 사라지며 , 캐릭터가 처치한 것으로 간주됩니다 . ( 수정 ) 악몽 침식이 진행되는 경우 , 사냥터에 남아있던 드림 이터는 모두 사라지며 , 처치 가능한 드림 이터 수치에 반영되지 않습니다 . (2026 년 4 월 9 일 ( 목 ) 오후 6 시 56분 수정 ) -------------------------------------------------------- 안내 강화를 위해 루시드 변신 관련 부분에 아래 문구가 추가되었습니다 . ※ 루시드 변신 상태에서 사용할 수 없는 일부 버프 효과는 적용되지 않습니다 . ( 예시 : 길드 스킬 , 쓸만한 홀리 심볼 , 럭키 다이스 등 ) (2026 년 3 월 25 일 ( 수 ) 오후 1 시 23 분 추가 ) -------------------------------------------------------- 댓글 23 저세상소울 2026.04.10 라방에선 해방해야 살 수 있단 말 없었잖아요 그냥 해뱡 안 하고 링크3렙용 285찍는 캐에 적용했는데 어차피 월드내 이동 가능이면 그냥 구매 제한 좀 풀어줘요 제네 해방 이벤트 내로도 못 할 거 같은데 이건 좀... 1회 캐릭 변경이라도 좀 lnt6 2026.04.08 광고충 왜 정지 안시킴?광고충 왜 정지 안시킴?광고충 왜 정지 안시킴?광고충 ㅁ왜 정지 안시킴?광고충 왜 정지 안시킴?광고충 왜 정지 안시킴?광고충 왜 정지 안시킴?광고충 왜 정지 안시킴?광고충 왜 정지 안시킴?광고충 왜 정지 안시킴?광고충 왜 정지 안시킴?광고충 왜 정지 안시킴?광고충 왜 정지 안시킴?광고충 왜 정지 안시킴?광고충 왜 정지 안시킴? 소닉퓨리 2026.04.04 아.. 실수로 잘못 설정했는데 인간적으로 1번은 지정캐릭 변경해주게 하면 안되나.. 아주강한바람 2026.03.27 계정삭제하면 같은 명의 계정에 가능한가요..? 모브002 2026.03.26 1회 한정 변경 가능하게 해주시면 안되나요?? 드림샤드 샵 루시드 지정 캐릭만 되는 줄 알고 레벨업은 필요 없고 코인샵 필요한 캐릭터에 루시드 지정 했는데 ㅠㅠ 샤타필드하남 2026.03.25 루시드 명의당 1회인거 잘못 지정했을때 취소할 수 있게좀 해주세요; 0톨쥐0 2026.03.24 이벤트 재밌네요~ 데미안도 생각해봐주시면 감사하겠습니다! 츠하로시마 2026.03.20 다음에 이런 이벤트 또 한다면 저는 아카이럼을 해보고 싶습니다 윌은 윌이 나중에 정신 차리면 루시드 다음으로 나올 것 같으니깐 오르카도 정신 차렸으니 루시드윌다음으로 나올 것 같으니깐 아카이럼이요 헤인혜야르도 2026.03.20 저 이퀘스트가 안뜨는데 이거 280부터인가요? 스마트인덕션 2026.03.20 오르카는 버려진건가 1 2 ( 0 /200) 등록 [어린이날] 메이플 몬스터즈 2026.04.30 (목) ~ 2026.05.06 (수) 썬데이 메이플 2026.05.03 (일) ~ 2026.05.03 (일) [사냥 이벤트] 악몽의 메아리 2026.04.16 (목) ~ 2026.06.17 (수) 프리미엄PC방 접속보상 이벤트 2026.04.17 (금) ~ 2026.05.14 (목) HAPPY MAPLE DAY in LotteWorld 2026.04.09 (목) ~ 2026.04.30 (목) 진의 신비한 정원 2026.03.23 (월) ~ 2026.05.13 (수) [체인지 버닝] 루시드 2026.03.19 (목) ~ 2026.06.17 (수) [출석 이벤트] 마스코트 퍼레이드 2026.03.19 (목) ~ 2026.06.17 (수) [체인지 버닝] 루시드 드림 2026.03"
official_event_621700e33fc9,수정2 [체인지 버닝] 루시드 드림,https://maplestory.nexon.com/News/Event/1297,official_event_621700e33fc9::chunk::0,0,0,1800,"아래 내용이 수정되었습니다 . ( 기존 ) 악몽 침식이 진행되는 경우 , 사냥터에 남아있던 드림 이터는 모두 사라지며 , 캐릭터가 처치한 것으로 간주됩니다 . ( 수정 ) 악몽 침식이 진행되는 경우 , 사냥터에 남아있던 드림 이터는 모두 사라지며 , 처치 가능한 드림 이터 수치에 반영되지 않습니다 . (2026 년 4 월 9 일 ( 목 ) 오후 6 시 56분 수정 ) -------------------------------------------------------- 안내 강화를 위해 루시드 변신 관련 부분에 아래 문구가 추가되었습니다 . ※ 루시드 변신 상태에서 사용할 수 없는 일부 버프 효과는 적용되지 않습니다 . ( 예시 : 길드 스킬 , 쓸만한 홀리 심볼 , 럭키 다이스 등 ) (2026 년 3 월 25 일 ( 수 ) 오후 1 시 23 분 추가 ) -------------------------------------------------------- 댓글 23 저세상소울 2026.04.10 라방에선 해방해야 살 수 있단 말 없었잖아요 그냥 해뱡 안 하고 링크3렙용 285찍는 캐에 적용했는데 어차피 월드내 이동 가능이면 그냥 구매 제한 좀 풀어줘요 제네 해방 이벤트 내로도 못 할 거 같은데 이건 좀... 1회 캐릭 변경이라도 좀 lnt6 2026.04.08 광고충 왜 정지 안시킴?광고충 왜 정지 안시킴?광고충 왜 정지 안시킴?광고충 ㅁ왜 정지 안시킴?광고충 왜 정지 안시킴?광고충 왜 정지 안시킴?광고충 왜 정지 안시킴?광고충 왜 정지 안시킴?광고충 왜 정지 안시킴?광고충 왜 정지 안시킴?광고충 왜 정지 안시킴?광고충 왜 정지 안시킴?광고충 왜 정지 안시킴?광고충 왜 정지 안시킴?광고충 왜 정지 안시킴? 소닉퓨리 2026.04.04 아.. 실수로 잘못 설정했는데 인간적으로 1번은 지정캐릭 변경해주게 하면 안되나.. 아주강한바람 2026.03.27 계정삭제하면 같은 명의 계정에 가능한가요..? 모브002 2026.03.26 1회 한정 변경 가능하게 해주시면 안되나요?? 드림샤드 샵 루시드 지정 캐릭만 되는 줄 알고 레벨업은 필요 없고 코인샵 필요한 캐릭터에 루시드 지정 했는데 ㅠㅠ 샤타필드하남 2026.03.25 루시드 명의당 1회인거 잘못 지정했을때 취소할 수 있게좀 해주세요; 0톨쥐0 2026.03.24 이벤트 재밌네요~ 데미안도 생각해봐주시면 감사하겠습니다! 츠하로시마 2026.03.20 다음에 이런 이벤트 또 한다면 저는 아카이럼을 해보고 싶습니다 윌은 윌이 나중에 정신 차리면 루시드 다음으로 나올 것 같으니깐 오르카도 정신 차렸으니 루시드윌다음으로 나올 것 같으니깐 아카이럼이요 헤인혜야르도 2026.03.20 저 이퀘스트가 안뜨는데 이거 280부터인가요? 스마트인덕션 2026.03.20 오르카는 버려진건가 1 2 ( 0 /200) 등록 [어린이날] 메이플 몬스터즈 2026.04.30 (목) ~ 2026.05.06 (수) 썬데이 메이플 2026.05.03 (일) ~ 2026.05.03 (일) [사냥 이벤트] 악몽의 메아리 2026.04.16 (목) ~ 2026.06.17 (수) 프리미엄PC방 접속보상 이벤트 2026.04.17 (금) ~ 2026.05.14 (목) HAPPY MAPLE DAY in LotteWorld 2026.04.09 (목) ~ 2026.04.30 (목) 진의 신비한 정원 2026.03.23 (월) ~ 2026.05.13 (수) [체인지 버닝] 루시드 2026.03.19 (목) ~ 2026.06.17 (수) [출석 이벤트] 마스코트 퍼레이드 2026.03.19 (목) ~ 2026.06.17 (수) [체인지 버닝] 루시드 드림 2026.03"
official_event_d20e78ab37ff,수정2 [체인지 버닝] 몽환의 장비 & 몽환의 결정,https://maplestory.nexon.com/News/Event/Ongoing/1296,official_event_d20e78ab37ff::chunk::0,0,0,1615,"꼭 확인해 주세요! 항목의 주의사항이 추가되었습니다. ※공지에 안내된 이미지는 이해를 돕기 위해 연출된 이미지이며, 실제 몽환의 장비 & 몽환의 결정 옵션 및 수치는 확률표에서 확인 가능합니다. (2026년 4월 2일(목) 오후 3시 45분 추가) 몽환의 결정 옵션 중 스킬 재사용 대기시간 감소 옵션에 관한 설명이 수정되었습니다. ※몽환의 결정 옵션으로 최대 9초 감소 가능하며, 5초 미만으로는 감소시킬 수 없다. (2026년 4월 1일(수) 오후 5시 31분 추가) ----------------------------------- 댓글 6 lnt6 2026.04.08 광고충 왜 정지 안시킴?광고충 왜 정지 안시킴?광고충 왜 정지 안시킴?광고충 왜 정지 안시킴?광고충 왜 정지 안시킴?광고충 왜 정지 안시킴?광고충 왜 정지 안시킴?광고충 왜 정지 안시킴?광고충 왜 정지 안시킴?광고충 왜 정지 안시킴?광고충 왜 정지 안시킴?광고충 왜 정지 안시킴?광고충 왜 정지 안시킴?광고충 왜 정지 안시킴?광고충 왜 정지 안시킴? 대훈목사 2026.03.20 밑에 댓글에 예희야 사기치지마라 세상엔 공짜는 없다 내꾸라 2026.03.19 그래서 이게 뭔데 그냥 즐겨보는 이벤트인거야? 붉은눈빛매화 2026.03.19 루시드 개별 인벤토리 있는건 좋다 기존 캐릭터 인벤토리 공유했으면 인벤토리 금방 가득 찾을듯? 취검장지평 2026.03.19 1빠 1 ( 0 /200) 등록 [어린이날] 메이플 몬스터즈 2026.04.30 (목) ~ 2026.05.06 (수) 썬데이 메이플 2026.05.03 (일) ~ 2026.05.03 (일) [사냥 이벤트] 악몽의 메아리 2026.04.16 (목) ~ 2026.06.17 (수) 프리미엄PC방 접속보상 이벤트 2026.04.17 (금) ~ 2026.05.14 (목) HAPPY MAPLE DAY in LotteWorld 2026.04.09 (목) ~ 2026.04.30 (목) 진의 신비한 정원 2026.03.23 (월) ~ 2026.05.13 (수) [체인지 버닝] 루시드 2026.03.19 (목) ~ 2026.06.17 (수) [출석 이벤트] 마스코트 퍼레이드 2026.03.19 (목) ~ 2026.06.17 (수) [체인지 버닝] 루시드 드림 2026.03.19 (목) ~ 2026.06.17 (수) [체인지 버닝] 몽환의 장비 & 몽환의 결정 2026.03.19 (목) ~ 2026.06.17 (수) [체인지 버닝] 악몽의 숲 2026.03.19 (목) ~ 2026.06.17 (수) [체인지 버닝] 몽환의 시련 2026.03.19 (목) ~ 2026.06.17 (수) [체인지 버닝] 드림 샤드샵 2026.03.19 (목) ~ 2026.06.17 (수) [이벤트 스킬] 메이플 스위츠 2026.03.19 (목) ~ 2026.06.17 (수) [이벤트 샵] 기프트 티켓 상점 2026.03.19 (목) ~ 2026.06.17 (수) 하이퍼 버닝 부스터를 드려요! 2026.03.19 (목) ~ 2026.06.17 (수) 하이퍼 버닝 MAX 2025.12.18 (목) ~ 2026.06.17 (수) 버닝 BEYOND 2025.12.18 (목) ~ 2026.06.17 (수) VIP 사우나 2025.12.18 (목) ~ 2026.06.17 (수)"
official_event_42e1ec09caf1,수정2 [체인지 버닝] 몽환의 장비 & 몽환의 결정,https://maplestory.nexon.com/News/Event/1296,official_event_42e1ec09caf1::chunk::0,0,0,1615,"꼭 확인해 주세요! 항목의 주의사항이 추가되었습니다. ※공지에 안내된 이미지는 이해를 돕기 위해 연출된 이미지이며, 실제 몽환의 장비 & 몽환의 결정 옵션 및 수치는 확률표에서 확인 가능합니다. (2026년 4월 2일(목) 오후 3시 45분 추가) 몽환의 결정 옵션 중 스킬 재사용 대기시간 감소 옵션에 관한 설명이 수정되었습니다. ※몽환의 결정 옵션으로 최대 9초 감소 가능하며, 5초 미만으로는 감소시킬 수 없다. (2026년 4월 1일(수) 오후 5시 31분 추가) ----------------------------------- 댓글 6 lnt6 2026.04.08 광고충 왜 정지 안시킴?광고충 왜 정지 안시킴?광고충 왜 정지 안시킴?광고충 왜 정지 안시킴?광고충 왜 정지 안시킴?광고충 왜 정지 안시킴?광고충 왜 정지 안시킴?광고충 왜 정지 안시킴?광고충 왜 정지 안시킴?광고충 왜 정지 안시킴?광고충 왜 정지 안시킴?광고충 왜 정지 안시킴?광고충 왜 정지 안시킴?광고충 왜 정지 안시킴?광고충 왜 정지 안시킴? 대훈목사 2026.03.20 밑에 댓글에 예희야 사기치지마라 세상엔 공짜는 없다 내꾸라 2026.03.19 그래서 이게 뭔데 그냥 즐겨보는 이벤트인거야? 붉은눈빛매화 2026.03.19 루시드 개별 인벤토리 있는건 좋다 기존 캐릭터 인벤토리 공유했으면 인벤토리 금방 가득 찾을듯? 취검장지평 2026.03.19 1빠 1 ( 0 /200) 등록 [어린이날] 메이플 몬스터즈 2026.04.30 (목) ~ 2026.05.06 (수) 썬데이 메이플 2026.05.03 (일) ~ 2026.05.03 (일) [사냥 이벤트] 악몽의 메아리 2026.04.16 (목) ~ 2026.06.17 (수) 프리미엄PC방 접속보상 이벤트 2026.04.17 (금) ~ 2026.05.14 (목) HAPPY MAPLE DAY in LotteWorld 2026.04.09 (목) ~ 2026.04.30 (목) 진의 신비한 정원 2026.03.23 (월) ~ 2026.05.13 (수) [체인지 버닝] 루시드 2026.03.19 (목) ~ 2026.06.17 (수) [출석 이벤트] 마스코트 퍼레이드 2026.03.19 (목) ~ 2026.06.17 (수) [체인지 버닝] 루시드 드림 2026.03.19 (목) ~ 2026.06.17 (수) [체인지 버닝] 몽환의 장비 & 몽환의 결정 2026.03.19 (목) ~ 2026.06.17 (수) [체인지 버닝] 악몽의 숲 2026.03.19 (목) ~ 2026.06.17 (수) [체인지 버닝] 몽환의 시련 2026.03.19 (목) ~ 2026.06.17 (수) [체인지 버닝] 드림 샤드샵 2026.03.19 (목) ~ 2026.06.17 (수) [이벤트 스킬] 메이플 스위츠 2026.03.19 (목) ~ 2026.06.17 (수) [이벤트 샵] 기프트 티켓 상점 2026.03.19 (목) ~ 2026.06.17 (수) 하이퍼 버닝 부스터를 드려요! 2026.03.19 (목) ~ 2026.06.17 (수) 하이퍼 버닝 MAX 2025.12.18 (목) ~ 2026.06.17 (수) 버닝 BEYOND 2025.12.18 (목) ~ 2026.06.17 (수) VIP 사우나 2025.12.18 (목) ~ 2026.06.17 (수)"
official_update_8aed5b33105f,"수정2 클라이언트 1.2.413 업데이트 안내 (컨텐츠, 개선사항 및 오류수정)",https://maplestory.nexon.com/news/update/799?p=1,official_update_8aed5b33105f::chunk::23,23,36800,37737,- 보셨나요? 1년 연속 출첵! ㅣ커스텀 일러스트 오류 ■ 캐릭터가 아래 아이템을 착용하고 있을 때 커스텀 일러스트를 의뢰할 수 없던 현상이 수정됩니다. - 꿈의 항해 슈트 ■ 캐릭터의 성형이 아래의 성형일 때 커스텀 일러스트를 의뢰할 수 없던 현상이 수정됩니다. - 갈색 Selfy 체스 킹 얼굴 - 에메랄드색 Selfy 체스 킹 얼굴 - 갈색 Selfy 배가 아파 얼굴 - 에메랄드색 Selfy 배가 아파 얼굴 - 갈색 Selfy 밤샘 얼굴 - 에메랄드색 Selfy 밤샘 얼굴 - 갈색 Selfy 대담한 오드아이 얼굴 - 에메랄드색 Selfy 대담한 오드아이 얼굴 - 갈색 Selfy 바이컬러 아이즈 얼굴 - 에메랄드색 Selfy 바이컬러 아이즈 얼굴 - 갈색 Selfy 수줍 미소 얼굴 - 에메랄드색 Selfy 수줍 미소 얼굴 GM소리 올림 댓글 11 토끼아가씨13 2026.04.12 마우스 오류나는거나 고치세요. KaiKai키키 2026.03.27 전투력 3억 미만은 시그리드로이드 못받는겨? 두공기설39 2026.03.20 카링 어떻게 건드렸길래 뚝뚝 끊기나요? 3페에서 수시로 끊기네요 안그랬는데 첫번째의렌 2026.03.20 근데 더 중요한 건 게임을 안정적으로 할 수 있게 개선 좀 해주세요... 패치오류 계속 뜨고 이런 거는 개선 못하고 뭐합니까? 패치오류에 게임진입도 안 되네 하... 중델 2026.03.20 대ㅡㅡ창섭 츠하로시마 2026.03.20 애쓰셨습니다 츠하로시마 2026.03.20 진짜 할 일 많았겠다...공반패턴이 왜 빠져야 하는지는 모르겠지만... 미밈글 2026.03.19 신 창 섭 붉은눈빛매화 2026.03.19 결국엔 블러디퀸 비탄의 얼굴 4개의 인격 설정이었는데 얼굴하나 비탄의 얼굴 뜯기고 유혹의 얼굴과 분노의 얼굴과 희열의 얼굴만 남고 3개의 인격이 되었네? 와몽 2026.03.19 대 창 섭 1 2 ( 0 /200) 등록
official_event_ced204b7f79b,버닝 BEYOND,https://maplestory.nexon.com/News/Event/Ongoing/1253,official_event_ced204b7f79b::chunk::0,0,0,1095,댓글 5 붕서스 2026.01.10 나눔수진 댓글 보일때마다 스샷 캡쳐해서 고객센터에 신고 ㄱㄱ 문의하면 삭제하고 정지 시켜줌 응애마을족장 2025.12.31 이쁘다 붉은눈빛매화 2025.12.19 이것도 언젠간 하이퍼 버닝 처럼 흡수되겠네? 샌더스 2025.12.18 도전 사랑보단보마 2025.12.18 1 1 ( 0 /200) 등록 [어린이날] 메이플 몬스터즈 2026.04.30 (목) ~ 2026.05.06 (수) 썬데이 메이플 2026.05.03 (일) ~ 2026.05.03 (일) [사냥 이벤트] 악몽의 메아리 2026.04.16 (목) ~ 2026.06.17 (수) 프리미엄PC방 접속보상 이벤트 2026.04.17 (금) ~ 2026.05.14 (목) HAPPY MAPLE DAY in LotteWorld 2026.04.09 (목) ~ 2026.04.30 (목) 진의 신비한 정원 2026.03.23 (월) ~ 2026.05.13 (수) [체인지 버닝] 루시드 2026.03.19 (목) ~ 2026.06.17 (수) [출석 이벤트] 마스코트 퍼레이드 2026.03.19 (목) ~ 2026.06.17 (수) [체인지 버닝] 루시드 드림 2026.03.19 (목) ~ 2026.06.17 (수) [체인지 버닝] 몽환의 장비 & 몽환의 결정 2026.03.19 (목) ~ 2026.06.17 (수) [체인지 버닝] 악몽의 숲 2026.03.19 (목) ~ 2026.06.17 (수) [체인지 버닝] 몽환의 시련 2026.03.19 (목) ~ 2026.06.17 (수) [체인지 버닝] 드림 샤드샵 2026.03.19 (목) ~ 2026.06.17 (수) [이벤트 스킬] 메이플 스위츠 2026.03.19 (목) ~ 2026.06.17 (수) [이벤트 샵] 기프트 티켓 상점 2026.03.19 (목) ~ 2026.06.17 (수) 하이퍼 버닝 부스터를 드려요! 2026.03.19 (목) ~ 2026.06.17 (수) 하이퍼 버닝 MAX 2025.12.18 (목) ~ 2026.06.17 (수) 버닝 BEYOND 2025.12.18 (목) ~ 2026.06.17 (수) VIP 사우나 2025.12.18 (목) ~ 2026.06.17 (수)
official_event_1c62338349e1,버닝 BEYOND,https://maplestory.nexon.com/News/Event/1253,official_event_1c62338349e1::chunk::0,0,0,1095,댓글 5 붕서스 2026.01.10 나눔수진 댓글 보일때마다 스샷 캡쳐해서 고객센터에 신고 ㄱㄱ 문의하면 삭제하고 정지 시켜줌 응애마을족장 2025.12.31 이쁘다 붉은눈빛매화 2025.12.19 이것도 언젠간 하이퍼 버닝 처럼 흡수되겠네? 샌더스 2025.12.18 도전 사랑보단보마 2025.12.18 1 1 ( 0 /200) 등록 [어린이날] 메이플 몬스터즈 2026.04.30 (목) ~ 2026.05.06 (수) 썬데이 메이플 2026.05.03 (일) ~ 2026.05.03 (일) [사냥 이벤트] 악몽의 메아리 2026.04.16 (목) ~ 2026.06.17 (수) 프리미엄PC방 접속보상 이벤트 2026.04.17 (금) ~ 2026.05.14 (목) HAPPY MAPLE DAY in LotteWorld 2026.04.09 (목) ~ 2026.04.30 (목) 진의 신비한 정원 2026.03.23 (월) ~ 2026.05.13 (수) [체인지 버닝] 루시드 2026.03.19 (목) ~ 2026.06.17 (수) [출석 이벤트] 마스코트 퍼레이드 2026.03.19 (목) ~ 2026.06.17 (수) [체인지 버닝] 루시드 드림 2026.03.19 (목) ~ 2026.06.17 (수) [체인지 버닝] 몽환의 장비 & 몽환의 결정 2026.03.19 (목) ~ 2026.06.17 (수) [체인지 버닝] 악몽의 숲 2026.03.19 (목) ~ 2026.06.17 (수) [체인지 버닝] 몽환의 시련 2026.03.19 (목) ~ 2026.06.17 (수) [체인지 버닝] 드림 샤드샵 2026.03.19 (목) ~ 2026.06.17 (수) [이벤트 스킬] 메이플 스위츠 2026.03.19 (목) ~ 2026.06.17 (수) [이벤트 샵] 기프트 티켓 상점 2026.03.19 (목) ~ 2026.06.17 (수) 하이퍼 버닝 부스터를 드려요! 2026.03.19 (목) ~ 2026.06.17 (수) 하이퍼 버닝 MAX 2025.12.18 (목) ~ 2026.06.17 (수) 버닝 BEYOND 2025.12.18 (목) ~ 2026.06.17 (수) VIP 사우나 2025.12.18 (목) ~ 2026.06.17 (수)
wiki_c9d85374e230,Destiny,https://maplestorywiki.net/w/MapleStory:_Destiny,wiki_c9d85374e230::chunk::1,1,1600,3400," | WE ARE ALL ADVENTURERS (모험가 테마곡) 1시간 | AKMU - WE ARE ALL ADVENTURERS (메이플스토리 모험가 테마곡) 업데이트 정보센터 - 20211230 MapleStory DESTINY Live Talk 메이플스토리 DESTINY | 별빛 심포니 MapleStory DESTINY Live Talk - 못다 한 이야기 [미공개영상] 업데이트 정보센터 (요정 웡키ver) - 20211230 업데이트 정보센터 - 20220127 AKMU | WE ARE ALL ADVENTURERS (Behind The Scene) 메이플스토리 X AKMU | WE ARE ALL ADVENTURERS 30"" [댓글 이벤트/종료] 용사님들~ 새해 복 많이 받으세요! 강원기 총괄 디렉터가 드리는 설 인사! 업데이트 정보센터 - 20220224 칼로스 - 멈추지 않는 탑의 감시자 [댓글 읽기] 2022년도 다들 행복하세요! 강원기 총괄 디렉터의 새해 덕담 댓글 읽기❤ [MapleStorySEA] Destiny Teaser [MapleStorySEA] Explorer Remaster Teaser! [MapleStorySEA] An Explorer's Destiny [MapleStorySEA] Explorer Remastered - Warrior [MapleStorySEA] Explorer Remastered - Magician [MapleStorySEA] Explorer Remastered - Archer [MapleStorySEA] Explorer Remastered - Thief [MapleStorySEA] Explorer Remastered - Pirate [MapleStorySEA] Starlight Symphony MapleStory l Destiny Part 1 Update Preview Destiny Event Overview with CM Ezrabell | MapleStory 【新楓之谷】冒險家全面升級 【新楓之谷】V244 Destiny 改版內容介紹 【新楓之谷】冒險之書 【新楓之谷】英雄改版介紹 【新楓之谷】聖騎士改版介紹 【新楓之谷】黑騎士改版介紹 【新楓之谷】火毒大魔導士改版介紹 【新楓之谷】冰雷大魔導士改版介紹 【新楓之谷】主教改版介紹 【新楓之谷】箭神改版介紹 【新楓之谷】神射手改版介紹 【新楓之谷】開拓者改版介紹 【新楓之谷】夜使者改版介紹 【新楓之谷】暗影神偷改版介紹 【新楓之谷】影武者改版介紹 【新楓之谷】拳霸改版介紹 【新楓之谷】槍神改版介紹 【新楓之谷】重砲指揮官改版介紹 【新楓之谷】卡洛斯: 不停之塔的監視者 【冒险岛 中国大陆国服 V190】“命运”版本即将来袭！ 【冒险岛 中国大陆国服 V190】冒险家重制-新的旅程 [MapleStorySEA] Gatekeeper Kalos DestinyアップデートPV(バイパー(CV.愛美)「逆光Rays(short ver.)」) イベント「星色シンフォニー」が登場！ 公式生散歩路～Destinyアップデート直前生放送～ ゲスト：ゴー☆ジャス 第1弾「ゴー☆ジャス」のリマスター計画編【本編】 DestinyアップデートMV(バイパー(CV.愛美)「逆光Rays(full ver.)」) 「未来トウキョウ」が限定復活！ Neo Tokyo revival Trailer Trivia Server Naming Difference: MSEA/GMS/TMS/JMS: Destiny CMS: 命运 (Destiny, Mìng yùn) The Mastery Book system was removed in the Destiny Update. Existing Mastery Books can be sold to NPCs for Mesos, or exchanged for Spell Traces . A "
wiki_fdfd019de826,Destiny,https://maplestorywiki.net/w/MapleStory:%20Destiny,wiki_fdfd019de826::chunk::1,1,1600,3400," | WE ARE ALL ADVENTURERS (모험가 테마곡) 1시간 | AKMU - WE ARE ALL ADVENTURERS (메이플스토리 모험가 테마곡) 업데이트 정보센터 - 20211230 MapleStory DESTINY Live Talk 메이플스토리 DESTINY | 별빛 심포니 MapleStory DESTINY Live Talk - 못다 한 이야기 [미공개영상] 업데이트 정보센터 (요정 웡키ver) - 20211230 업데이트 정보센터 - 20220127 AKMU | WE ARE ALL ADVENTURERS (Behind The Scene) 메이플스토리 X AKMU | WE ARE ALL ADVENTURERS 30"" [댓글 이벤트/종료] 용사님들~ 새해 복 많이 받으세요! 강원기 총괄 디렉터가 드리는 설 인사! 업데이트 정보센터 - 20220224 칼로스 - 멈추지 않는 탑의 감시자 [댓글 읽기] 2022년도 다들 행복하세요! 강원기 총괄 디렉터의 새해 덕담 댓글 읽기❤ [MapleStorySEA] Destiny Teaser [MapleStorySEA] Explorer Remaster Teaser! [MapleStorySEA] An Explorer's Destiny [MapleStorySEA] Explorer Remastered - Warrior [MapleStorySEA] Explorer Remastered - Magician [MapleStorySEA] Explorer Remastered - Archer [MapleStorySEA] Explorer Remastered - Thief [MapleStorySEA] Explorer Remastered - Pirate [MapleStorySEA] Starlight Symphony MapleStory l Destiny Part 1 Update Preview Destiny Event Overview with CM Ezrabell | MapleStory 【新楓之谷】冒險家全面升級 【新楓之谷】V244 Destiny 改版內容介紹 【新楓之谷】冒險之書 【新楓之谷】英雄改版介紹 【新楓之谷】聖騎士改版介紹 【新楓之谷】黑騎士改版介紹 【新楓之谷】火毒大魔導士改版介紹 【新楓之谷】冰雷大魔導士改版介紹 【新楓之谷】主教改版介紹 【新楓之谷】箭神改版介紹 【新楓之谷】神射手改版介紹 【新楓之谷】開拓者改版介紹 【新楓之谷】夜使者改版介紹 【新楓之谷】暗影神偷改版介紹 【新楓之谷】影武者改版介紹 【新楓之谷】拳霸改版介紹 【新楓之谷】槍神改版介紹 【新楓之谷】重砲指揮官改版介紹 【新楓之谷】卡洛斯: 不停之塔的監視者 【冒险岛 中国大陆国服 V190】“命运”版本即将来袭！ 【冒险岛 中国大陆国服 V190】冒险家重制-新的旅程 [MapleStorySEA] Gatekeeper Kalos DestinyアップデートPV(バイパー(CV.愛美)「逆光Rays(short ver.)」) イベント「星色シンフォニー」が登場！ 公式生散歩路～Destinyアップデート直前生放送～ ゲスト：ゴー☆ジャス 第1弾「ゴー☆ジャス」のリマスター計画編【本編】 DestinyアップデートMV(バイパー(CV.愛美)「逆光Rays(full ver.)」) 「未来トウキョウ」が限定復活！ Neo Tokyo revival Trailer Trivia Server Naming Difference: MSEA/GMS/TMS/JMS: Destiny CMS: 命运 (Destiny, Mìng yùn) The Mastery Book system was removed in the Destiny Update. Existing Mastery Books can be sold to NPCs for Mesos, or exchanged for Spell Traces . A "
official_event_c8500afdd064,HAPPY MAPLE DAY in LotteWorld,https://maplestory.nexon.com/News/Event/1306,official_event_c8500afdd064::chunk::0,0,0,997,HAPPY MAPLE DAY in LotteWorld 바로가기 댓글 1 닌냥뇽 2026.04.21 중고장터에 7만원에 되팔렘 나왔다던데 1 ( 0 /200) 등록 [어린이날] 메이플 몬스터즈 2026.04.30 (목) ~ 2026.05.06 (수) 썬데이 메이플 2026.05.03 (일) ~ 2026.05.03 (일) [사냥 이벤트] 악몽의 메아리 2026.04.16 (목) ~ 2026.06.17 (수) 프리미엄PC방 접속보상 이벤트 2026.04.17 (금) ~ 2026.05.14 (목) HAPPY MAPLE DAY in LotteWorld 2026.04.09 (목) ~ 2026.04.30 (목) 진의 신비한 정원 2026.03.23 (월) ~ 2026.05.13 (수) [체인지 버닝] 루시드 2026.03.19 (목) ~ 2026.06.17 (수) [출석 이벤트] 마스코트 퍼레이드 2026.03.19 (목) ~ 2026.06.17 (수) [체인지 버닝] 루시드 드림 2026.03.19 (목) ~ 2026.06.17 (수) [체인지 버닝] 몽환의 장비 & 몽환의 결정 2026.03.19 (목) ~ 2026.06.17 (수) [체인지 버닝] 악몽의 숲 2026.03.19 (목) ~ 2026.06.17 (수) [체인지 버닝] 몽환의 시련 2026.03.19 (목) ~ 2026.06.17 (수) [체인지 버닝] 드림 샤드샵 2026.03.19 (목) ~ 2026.06.17 (수) [이벤트 스킬] 메이플 스위츠 2026.03.19 (목) ~ 2026.06.17 (수) [이벤트 샵] 기프트 티켓 상점 2026.03.19 (목) ~ 2026.06.17 (수) 하이퍼 버닝 부스터를 드려요! 2026.03.19 (목) ~ 2026.06.17 (수) 하이퍼 버닝 MAX 2025.12.18 (목) ~ 2026.06.17 (수) 버닝 BEYOND 2025.12.18 (목) ~ 2026.06.17 (수) VIP 사우나 2025.12.18 (목) ~ 2026.06.17 (수)
official_event_9db5574d3850,하이퍼 버닝 MAX,https://maplestory.nexon.com/News/Event/Ongoing/1254,official_event_9db5574d3850::chunk::0,0,0,1508,"댓글 12 혼돈검무 2026.02.24 버닝보상은 허구한날 똑같은거야 진짜. 이제 개선점 할때 안됬냐? 딸뽀 2026.02.19 챌린섭 말구 기존섭에도 하이퍼 버닝 할 수 있게 해주세용 전처럼 ㅠㅠ 천둥번개02 2026.01.12 나눔수진 이미지 사칭 틱톡 먹튀 이준호 남성 사기꾼 붕서스 2026.01.10 나눔수진, 댓글 보일때마다 스샷 캡쳐해서 고객센터에 신고 ㄱㄱ 문의하면 삭제하고 정지 시켜줌ㅁ 천둥번개02 2026.01.09 이준호 나눔수진 먹튀 달새링크3 2025.12.19 여기서 홍보 하지마세요 신규유저 가입 받아서 님 돈벌려고 하는거 잖아요 ㅋㅋ 붉은눈빛매화 2025.12.19 진짜 이제는 모바일처럼 직업 스토리 강제 변경좀 전직 퀘스트만 필수하고 언제까지 튜토리얼 완료해야되? 에초에 스토리 강제 모바일 처럼 선택 진행으로 개편하면 스토리 스킵 시스템이 필요없잖아? 유자맛호영 2025.12.18 하버 1개만 더 주세요.. 본캐 내실다져놓는거 있는데 어쩔수없이 챌섭에 1개 썼슴다.. 백치미진이 2025.12.18 스토리 다시미는거 실환가 꽃댕화 2025.12.18 일리움 키울라 했더니만..키네시스 키우게 만들어버리넹.. 1 2 ( 0 /200) 등록 [어린이날] 메이플 몬스터즈 2026.04.30 (목) ~ 2026.05.06 (수) 썬데이 메이플 2026.05.03 (일) ~ 2026.05.03 (일) [사냥 이벤트] 악몽의 메아리 2026.04.16 (목) ~ 2026.06.17 (수) 프리미엄PC방 접속보상 이벤트 2026.04.17 (금) ~ 2026.05.14 (목) HAPPY MAPLE DAY in LotteWorld 2026.04.09 (목) ~ 2026.04.30 (목) 진의 신비한 정원 2026.03.23 (월) ~ 2026.05.13 (수) [체인지 버닝] 루시드 2026.03.19 (목) ~ 2026.06.17 (수) [출석 이벤트] 마스코트 퍼레이드 2026.03.19 (목) ~ 2026.06.17 (수) [체인지 버닝] 루시드 드림 2026.03.19 (목) ~ 2026.06.17 (수) [체인지 버닝] 몽환의 장비 & 몽환의 결정 2026.03.19 (목) ~ 2026.06.17 (수) [체인지 버닝] 악몽의 숲 2026.03.19 (목) ~ 2026.06.17 (수) [체인지 버닝] 몽환의 시련 2026.03.19 (목) ~ 2026.06.17 (수) [체인지 버닝] 드림 샤드샵 2026.03.19 (목) ~ 2026.06.17 (수) [이벤트 스킬] 메이플 스위츠 2026.03.19 (목) ~ 2026.06.17 (수) [이벤트 샵] 기프트 티켓 상점 2026.03.19 (목) ~ 2026.06.17 (수) 하이퍼 버닝 부스터를 드려요! 2026.03.19 (목) ~ 2026.06.17 (수) 하이퍼 버닝 MAX 2025.12.18 (목) ~ 2026.06.17 (수) 버닝 BEYOND 2025.12.18 (목) ~ 2026.06.17 (수) VIP 사우나 2025.12.18 (목) ~ 2026.06.17 (수)"
official_event_007cb8d84076,하이퍼 버닝 MAX,https://maplestory.nexon.com/News/Event/1254,official_event_007cb8d84076::chunk::0,0,0,1508,"댓글 12 혼돈검무 2026.02.24 버닝보상은 허구한날 똑같은거야 진짜. 이제 개선점 할때 안됬냐? 딸뽀 2026.02.19 챌린섭 말구 기존섭에도 하이퍼 버닝 할 수 있게 해주세용 전처럼 ㅠㅠ 천둥번개02 2026.01.12 나눔수진 이미지 사칭 틱톡 먹튀 이준호 남성 사기꾼 붕서스 2026.01.10 나눔수진, 댓글 보일때마다 스샷 캡쳐해서 고객센터에 신고 ㄱㄱ 문의하면 삭제하고 정지 시켜줌ㅁ 천둥번개02 2026.01.09 이준호 나눔수진 먹튀 달새링크3 2025.12.19 여기서 홍보 하지마세요 신규유저 가입 받아서 님 돈벌려고 하는거 잖아요 ㅋㅋ 붉은눈빛매화 2025.12.19 진짜 이제는 모바일처럼 직업 스토리 강제 변경좀 전직 퀘스트만 필수하고 언제까지 튜토리얼 완료해야되? 에초에 스토리 강제 모바일 처럼 선택 진행으로 개편하면 스토리 스킵 시스템이 필요없잖아? 유자맛호영 2025.12.18 하버 1개만 더 주세요.. 본캐 내실다져놓는거 있는데 어쩔수없이 챌섭에 1개 썼슴다.. 백치미진이 2025.12.18 스토리 다시미는거 실환가 꽃댕화 2025.12.18 일리움 키울라 했더니만..키네시스 키우게 만들어버리넹.. 1 2 ( 0 /200) 등록 [어린이날] 메이플 몬스터즈 2026.04.30 (목) ~ 2026.05.06 (수) 썬데이 메이플 2026.05.03 (일) ~ 2026.05.03 (일) [사냥 이벤트] 악몽의 메아리 2026.04.16 (목) ~ 2026.06.17 (수) 프리미엄PC방 접속보상 이벤트 2026.04.17 (금) ~ 2026.05.14 (목) HAPPY MAPLE DAY in LotteWorld 2026.04.09 (목) ~ 2026.04.30 (목) 진의 신비한 정원 2026.03.23 (월) ~ 2026.05.13 (수) [체인지 버닝] 루시드 2026.03.19 (목) ~ 2026.06.17 (수) [출석 이벤트] 마스코트 퍼레이드 2026.03.19 (목) ~ 2026.06.17 (수) [체인지 버닝] 루시드 드림 2026.03.19 (목) ~ 2026.06.17 (수) [체인지 버닝] 몽환의 장비 & 몽환의 결정 2026.03.19 (목) ~ 2026.06.17 (수) [체인지 버닝] 악몽의 숲 2026.03.19 (목) ~ 2026.06.17 (수) [체인지 버닝] 몽환의 시련 2026.03.19 (목) ~ 2026.06.17 (수) [체인지 버닝] 드림 샤드샵 2026.03.19 (목) ~ 2026.06.17 (수) [이벤트 스킬] 메이플 스위츠 2026.03.19 (목) ~ 2026.06.17 (수) [이벤트 샵] 기프트 티켓 상점 2026.03.19 (목) ~ 2026.06.17 (수) 하이퍼 버닝 부스터를 드려요! 2026.03.19 (목) ~ 2026.06.17 (수) 하이퍼 버닝 MAX 2025.12.18 (목) ~ 2026.06.17 (수) 버닝 BEYOND 2025.12.18 (목) ~ 2026.06.17 (수) VIP 사우나 2025.12.18 (목) ~ 2026.06.17 (수)"
official_event_80f329281a9c,프리미엄PC방 접속보상 이벤트,https://maplestory.nexon.com/News/Event/Ongoing/1308,official_event_80f329281a9c::chunk::0,0,0,1198,댓글 6 벨룸잡이기현 2026.05.01 피방 코인샵 기원 츠롯프 2026.04.19 나이스 원츄 붉은눈빛매화 2026.04.18 인간적으로 비수기 하고 성수기 코인샵 구별해서라도 오픈해주면 안됨? 비수기라고 코인샵 없는건 너무한데 과거 코인샵 오픈이라도 해주셈 렌포공 2026.04.18 주말에만 하는데 하루 최대 접속시간좀 늘려주세요 목EA 2026.04.16 악몽의메아리 하루종일잡아도 1개도안뜨고 피시방보상도 다르고 ㅠㅠ 고쳐주세요 바비부비바바 2026.04.16 조각을 다오 ㅜ ㅜ ㅜ 1 ( 0 /200) 등록 [어린이날] 메이플 몬스터즈 2026.04.30 (목) ~ 2026.05.06 (수) 썬데이 메이플 2026.05.03 (일) ~ 2026.05.03 (일) [사냥 이벤트] 악몽의 메아리 2026.04.16 (목) ~ 2026.06.17 (수) 프리미엄PC방 접속보상 이벤트 2026.04.17 (금) ~ 2026.05.14 (목) HAPPY MAPLE DAY in LotteWorld 2026.04.09 (목) ~ 2026.04.30 (목) 진의 신비한 정원 2026.03.23 (월) ~ 2026.05.13 (수) [체인지 버닝] 루시드 2026.03.19 (목) ~ 2026.06.17 (수) [출석 이벤트] 마스코트 퍼레이드 2026.03.19 (목) ~ 2026.06.17 (수) [체인지 버닝] 루시드 드림 2026.03.19 (목) ~ 2026.06.17 (수) [체인지 버닝] 몽환의 장비 & 몽환의 결정 2026.03.19 (목) ~ 2026.06.17 (수) [체인지 버닝] 악몽의 숲 2026.03.19 (목) ~ 2026.06.17 (수) [체인지 버닝] 몽환의 시련 2026.03.19 (목) ~ 2026.06.17 (수) [체인지 버닝] 드림 샤드샵 2026.03.19 (목) ~ 2026.06.17 (수) [이벤트 스킬] 메이플 스위츠 2026.03.19 (목) ~ 2026.06.17 (수) [이벤트 샵] 기프트 티켓 상점 2026.03.19 (목) ~ 2026.06.17 (수) 하이퍼 버닝 부스터를 드려요! 2026.03.19 (목) ~ 2026.06.17 (수) 하이퍼 버닝 MAX 2025.12.18 (목) ~ 2026.06.17 (수) 버닝 BEYOND 2025.12.18 (목) ~ 2026.06.17 (수) VIP 사우나 2025.12.18 (목) ~ 2026.06.17 (수)
official_event_7984651f5a06,프리미엄PC방 접속보상 이벤트,https://maplestory.nexon.com/News/Event/1308,official_event_7984651f5a06::chunk::0,0,0,1198,댓글 6 벨룸잡이기현 2026.05.01 피방 코인샵 기원 츠롯프 2026.04.19 나이스 원츄 붉은눈빛매화 2026.04.18 인간적으로 비수기 하고 성수기 코인샵 구별해서라도 오픈해주면 안됨? 비수기라고 코인샵 없는건 너무한데 과거 코인샵 오픈이라도 해주셈 렌포공 2026.04.18 주말에만 하는데 하루 최대 접속시간좀 늘려주세요 목EA 2026.04.16 악몽의메아리 하루종일잡아도 1개도안뜨고 피시방보상도 다르고 ㅠㅠ 고쳐주세요 바비부비바바 2026.04.16 조각을 다오 ㅜ ㅜ ㅜ 1 ( 0 /200) 등록 [어린이날] 메이플 몬스터즈 2026.04.30 (목) ~ 2026.05.06 (수) 썬데이 메이플 2026.05.03 (일) ~ 2026.05.03 (일) [사냥 이벤트] 악몽의 메아리 2026.04.16 (목) ~ 2026.06.17 (수) 프리미엄PC방 접속보상 이벤트 2026.04.17 (금) ~ 2026.05.14 (목) HAPPY MAPLE DAY in LotteWorld 2026.04.09 (목) ~ 2026.04.30 (목) 진의 신비한 정원 2026.03.23 (월) ~ 2026.05.13 (수) [체인지 버닝] 루시드 2026.03.19 (목) ~ 2026.06.17 (수) [출석 이벤트] 마스코트 퍼레이드 2026.03.19 (목) ~ 2026.06.17 (수) [체인지 버닝] 루시드 드림 2026.03.19 (목) ~ 2026.06.17 (수) [체인지 버닝] 몽환의 장비 & 몽환의 결정 2026.03.19 (목) ~ 2026.06.17 (수) [체인지 버닝] 악몽의 숲 2026.03.19 (목) ~ 2026.06.17 (수) [체인지 버닝] 몽환의 시련 2026.03.19 (목) ~ 2026.06.17 (수) [체인지 버닝] 드림 샤드샵 2026.03.19 (목) ~ 2026.06.17 (수) [이벤트 스킬] 메이플 스위츠 2026.03.19 (목) ~ 2026.06.17 (수) [이벤트 샵] 기프트 티켓 상점 2026.03.19 (목) ~ 2026.06.17 (수) 하이퍼 버닝 부스터를 드려요! 2026.03.19 (목) ~ 2026.06.17 (수) 하이퍼 버닝 MAX 2025.12.18 (목) ~ 2026.06.17 (수) 버닝 BEYOND 2025.12.18 (목) ~ 2026.06.17 (수) VIP 사우나 2025.12.18 (목) ~ 2026.06.17 (수)
official_event_9fd378d0fd6a,VIP 사우나,https://maplestory.nexon.com/News/Event/Ongoing/1237,official_event_9fd378d0fd6a::chunk::0,0,0,964,댓글 2 용용이타고a 2026.03.01 . 윤슬하냥 2026.02.27 . 1 ( 0 /200) 등록 [어린이날] 메이플 몬스터즈 2026.04.30 (목) ~ 2026.05.06 (수) 썬데이 메이플 2026.05.03 (일) ~ 2026.05.03 (일) [사냥 이벤트] 악몽의 메아리 2026.04.16 (목) ~ 2026.06.17 (수) 프리미엄PC방 접속보상 이벤트 2026.04.17 (금) ~ 2026.05.14 (목) HAPPY MAPLE DAY in LotteWorld 2026.04.09 (목) ~ 2026.04.30 (목) 진의 신비한 정원 2026.03.23 (월) ~ 2026.05.13 (수) [체인지 버닝] 루시드 2026.03.19 (목) ~ 2026.06.17 (수) [출석 이벤트] 마스코트 퍼레이드 2026.03.19 (목) ~ 2026.06.17 (수) [체인지 버닝] 루시드 드림 2026.03.19 (목) ~ 2026.06.17 (수) [체인지 버닝] 몽환의 장비 & 몽환의 결정 2026.03.19 (목) ~ 2026.06.17 (수) [체인지 버닝] 악몽의 숲 2026.03.19 (목) ~ 2026.06.17 (수) [체인지 버닝] 몽환의 시련 2026.03.19 (목) ~ 2026.06.17 (수) [체인지 버닝] 드림 샤드샵 2026.03.19 (목) ~ 2026.06.17 (수) [이벤트 스킬] 메이플 스위츠 2026.03.19 (목) ~ 2026.06.17 (수) [이벤트 샵] 기프트 티켓 상점 2026.03.19 (목) ~ 2026.06.17 (수) 하이퍼 버닝 부스터를 드려요! 2026.03.19 (목) ~ 2026.06.17 (수) 하이퍼 버닝 MAX 2025.12.18 (목) ~ 2026.06.17 (수) 버닝 BEYOND 2025.12.18 (목) ~ 2026.06.17 (수) VIP 사우나 2025.12.18 (목) ~ 2026.06.17 (수)
official_event_a09b9670d35b,VIP 사우나,https://maplestory.nexon.com/News/Event/1237,official_event_a09b9670d35b::chunk::0,0,0,964,댓글 2 용용이타고a 2026.03.01 . 윤슬하냥 2026.02.27 . 1 ( 0 /200) 등록 [어린이날] 메이플 몬스터즈 2026.04.30 (목) ~ 2026.05.06 (수) 썬데이 메이플 2026.05.03 (일) ~ 2026.05.03 (일) [사냥 이벤트] 악몽의 메아리 2026.04.16 (목) ~ 2026.06.17 (수) 프리미엄PC방 접속보상 이벤트 2026.04.17 (금) ~ 2026.05.14 (목) HAPPY MAPLE DAY in LotteWorld 2026.04.09 (목) ~ 2026.04.30 (목) 진의 신비한 정원 2026.03.23 (월) ~ 2026.05.13 (수) [체인지 버닝] 루시드 2026.03.19 (목) ~ 2026.06.17 (수) [출석 이벤트] 마스코트 퍼레이드 2026.03.19 (목) ~ 2026.06.17 (수) [체인지 버닝] 루시드 드림 2026.03.19 (목) ~ 2026.06.17 (수) [체인지 버닝] 몽환의 장비 & 몽환의 결정 2026.03.19 (목) ~ 2026.06.17 (수) [체인지 버닝] 악몽의 숲 2026.03.19 (목) ~ 2026.06.17 (수) [체인지 버닝] 몽환의 시련 2026.03.19 (목) ~ 2026.06.17 (수) [체인지 버닝] 드림 샤드샵 2026.03.19 (목) ~ 2026.06.17 (수) [이벤트 스킬] 메이플 스위츠 2026.03.19 (목) ~ 2026.06.17 (수) [이벤트 샵] 기프트 티켓 상점 2026.03.19 (목) ~ 2026.06.17 (수) 하이퍼 버닝 부스터를 드려요! 2026.03.19 (목) ~ 2026.06.17 (수) 하이퍼 버닝 MAX 2025.12.18 (목) ~ 2026.06.17 (수) 버닝 BEYOND 2025.12.18 (목) ~ 2026.06.17 (수) VIP 사우나 2025.12.18 (목) ~ 2026.06.17 (수)
