rule_id,name,rule_type,rule_file,stage,level_range,job_group,item_slot,current_tier,recommended_tier,item_tier,minimum_starforce,recommended_starforce,stop_point,potential_grade,option_type,priority,priority_rank,valid_options,bad_options,target_grade,additional_potential,flame_score,minimum_score,recommended_score,high_score,upgrade_priority,condition,reason,recommended_action,api_slot_name,standard_slot_name,item_category,is_core_slot,recommendation_use,notes,calculation_note,review_status,source_id,description
equipment_rule_supplemental_rule_0046,early_bossing weapon equipment progression,progression,equipment_progression_rules.csv,early_bossing,200-219,all,weapon,pensalir_or_frozen,fafnir_or_absolab,,10,12,,epic,,attack/magic_attack% or boss_damage% or ignore_defense%,,,,,attack/magic_attack flat,"minimum 0, recommended 0",,,,1,pre CRA / early bossing,weapon trio gives high damage efficiency,,,,,,,,,draft_needs_team_review,source_supplemental_rule_0046,"rule_file: equipment_progression_rules.csv stage: early_bossing, level range: 200-219, job group: all slot: weapon, current tier: pensalir_or_frozen, recommended tier: fafnir_or_absolab starforce: minimum 10, target 12 potential grade: epic, priority: attack/magic_attack% or boss_damage% or ignore_defense% additional potential: attack/magic_attack flat flame score: minimum 0, recommended 0 upgrade priority: 1, condition: pre CRA / early bossing reason: weapon trio gives high damage efficiency re..."
equipment_rule_supplemental_rule_0047,early_bossing secondary_weapon equipment progression,progression,equipment_progression_rules.csv,early_bossing,200-219,all,secondary_weapon,pensalir_or_frozen,fafnir_or_absolab,,10,12,,epic,,attack/magic_attack% or boss_damage% or ignore_defense%,,,,,attack/magic_attack flat,"minimum 0, recommended 0",,,,1,pre CRA / early bossing,weapon trio gives high damage efficiency,,,,,,,,,draft_needs_team_review,source_supplemental_rule_0047,"rule_file: equipment_progression_rules.csv stage: early_bossing, level range: 200-219, job group: all slot: secondary_weapon, current tier: pensalir_or_frozen, recommended tier: fafnir_or_absolab starforce: minimum 10, target 12 potential grade: epic, priority: attack/magic_attack% or boss_damage% or ignore_defense% additional potential: attack/magic_attack flat flame score: minimum 0, recommended 0 upgrade priority: 1, condition: pre CRA / early bossing reason: weapon trio gives high damage eff..."
equipment_rule_supplemental_rule_0048,early_bossing emblem equipment progression,progression,equipment_progression_rules.csv,early_bossing,200-219,all,emblem,pensalir_or_frozen,fafnir_or_absolab,,10,12,,epic,,attack/magic_attack% or boss_damage% or ignore_defense%,,,,,attack/magic_attack flat,"minimum 0, recommended 0",,,,1,pre CRA / early bossing,weapon trio gives high damage efficiency,,,,,,,,,draft_needs_team_review,source_supplemental_rule_0048,"rule_file: equipment_progression_rules.csv stage: early_bossing, level range: 200-219, job group: all slot: emblem, current tier: pensalir_or_frozen, recommended tier: fafnir_or_absolab starforce: minimum 10, target 12 potential grade: epic, priority: attack/magic_attack% or boss_damage% or ignore_defense% additional potential: attack/magic_attack flat flame score: minimum 0, recommended 0 upgrade priority: 1, condition: pre CRA / early bossing reason: weapon trio gives high damage efficiency re..."
equipment_rule_supplemental_rule_0049,early_bossing armor_set equipment progression,progression,equipment_progression_rules.csv,early_bossing,200-219,all,armor_set,pensalir,cra_3set_or_absolab,,10,12,,epic,,main_stat%,,,,,main_stat flat,"minimum 40, recommended 60",,,,2,pre CRA / early bossing,set effect and starforce baseline,,,,,,,,,draft_needs_team_review,source_supplemental_rule_0049,"rule_file: equipment_progression_rules.csv stage: early_bossing, level range: 200-219, job group: all slot: armor_set, current tier: pensalir, recommended tier: cra_3set_or_absolab starforce: minimum 10, target 12 potential grade: epic, priority: main_stat% additional potential: main_stat flat flame score: minimum 40, recommended 60 upgrade priority: 2, condition: pre CRA / early bossing reason: set effect and starforce baseline review_status: draft_needs_team_review"
equipment_rule_supplemental_rule_0050,early_bossing accessory_set equipment progression,progression,equipment_progression_rules.csv,early_bossing,200-219,all,accessory_set,boss_accessory,boss_accessory_9set,,8,10,,rare_or_epic,,main_stat%,,,,,main_stat flat,"minimum 30, recommended 50",,,,3,fill empty accessory slots,low cost power gain,,,,,,,,,draft_needs_team_review,source_supplemental_rule_0050,"rule_file: equipment_progression_rules.csv stage: early_bossing, level range: 200-219, job group: all slot: accessory_set, current tier: boss_accessory, recommended tier: boss_accessory_9set starforce: minimum 8, target 10 potential grade: rare_or_epic, priority: main_stat% additional potential: main_stat flat flame score: minimum 30, recommended 50 upgrade priority: 3, condition: fill empty accessory slots reason: low cost power gain review_status: draft_needs_team_review"
equipment_rule_supplemental_rule_0051,mid_bossing weapon equipment progression,progression,equipment_progression_rules.csv,mid_bossing,220-249,all,weapon,fafnir_or_absolab,absolab_or_arcane,,12,17,,unique,,boss_damage%/attack%/magic_attack%/ignore_defense%,,,,,attack/magic_attack% or flat,"minimum 0, recommended 0",,,,1,CRA to Lomien progression,WSE potential and 17 star target are major breakpoints,,,,,,,,,draft_needs_team_review,source_supplemental_rule_0051,"rule_file: equipment_progression_rules.csv stage: mid_bossing, level range: 220-249, job group: all slot: weapon, current tier: fafnir_or_absolab, recommended tier: absolab_or_arcane starforce: minimum 12, target 17 potential grade: unique, priority: boss_damage%/attack%/magic_attack%/ignore_defense% additional potential: attack/magic_attack% or flat flame score: minimum 0, recommended 0 upgrade priority: 1, condition: CRA to Lomien progression reason: WSE potential and 17 star target are major..."
equipment_rule_supplemental_rule_0052,mid_bossing secondary_weapon equipment progression,progression,equipment_progression_rules.csv,mid_bossing,220-249,all,secondary_weapon,fafnir_or_absolab,absolab_or_arcane,,12,17,,unique,,boss_damage%/attack%/magic_attack%/ignore_defense%,,,,,attack/magic_attack% or flat,"minimum 0, recommended 0",,,,1,CRA to Lomien progression,WSE potential and 17 star target are major breakpoints,,,,,,,,,draft_needs_team_review,source_supplemental_rule_0052,"rule_file: equipment_progression_rules.csv stage: mid_bossing, level range: 220-249, job group: all slot: secondary_weapon, current tier: fafnir_or_absolab, recommended tier: absolab_or_arcane starforce: minimum 12, target 17 potential grade: unique, priority: boss_damage%/attack%/magic_attack%/ignore_defense% additional potential: attack/magic_attack% or flat flame score: minimum 0, recommended 0 upgrade priority: 1, condition: CRA to Lomien progression reason: WSE potential and 17 star target..."
equipment_rule_supplemental_rule_0053,mid_bossing emblem equipment progression,progression,equipment_progression_rules.csv,mid_bossing,220-249,all,emblem,fafnir_or_absolab,absolab_or_arcane,,12,17,,unique,,boss_damage%/attack%/magic_attack%/ignore_defense%,,,,,attack/magic_attack% or flat,"minimum 0, recommended 0",,,,1,CRA to Lomien progression,WSE potential and 17 star target are major breakpoints,,,,,,,,,draft_needs_team_review,source_supplemental_rule_0053,"rule_file: equipment_progression_rules.csv stage: mid_bossing, level range: 220-249, job group: all slot: emblem, current tier: fafnir_or_absolab, recommended tier: absolab_or_arcane starforce: minimum 12, target 17 potential grade: unique, priority: boss_damage%/attack%/magic_attack%/ignore_defense% additional potential: attack/magic_attack% or flat flame score: minimum 0, recommended 0 upgrade priority: 1, condition: CRA to Lomien progression reason: WSE potential and 17 star target are major..."
equipment_rule_supplemental_rule_0054,mid_bossing armor_set equipment progression,progression,equipment_progression_rules.csv,mid_bossing,220-249,all,armor_set,cra_absolab_mix,cra_3set_absolab_5set,,12,17,,epic_to_unique,,main_stat%,,,,,main_stat flat,"minimum 60, recommended 80",,,,2,normal lotus/damien preparation,stable 17 star armor baseline,,,,,,,,,draft_needs_team_review,source_supplemental_rule_0054,"rule_file: equipment_progression_rules.csv stage: mid_bossing, level range: 220-249, job group: all slot: armor_set, current tier: cra_absolab_mix, recommended tier: cra_3set_absolab_5set starforce: minimum 12, target 17 potential grade: epic_to_unique, priority: main_stat% additional potential: main_stat flat flame score: minimum 60, recommended 80 upgrade priority: 2, condition: normal lotus/damien preparation reason: stable 17 star armor baseline review_status: draft_needs_team_review"
equipment_rule_supplemental_rule_0055,mid_bossing accessory_set equipment progression,progression,equipment_progression_rules.csv,mid_bossing,220-249,all,accessory_set,boss_accessory,boss_accessory_or_dawn_pitched_seed,,10,17,,epic_to_unique,,main_stat%,,,,,main_stat flat,"minimum 50, recommended 80",,,,3,boss accessory completion,accessory slots are efficient after WSE baseline,,,,,,,,,draft_needs_team_review,source_supplemental_rule_0055,"rule_file: equipment_progression_rules.csv stage: mid_bossing, level range: 220-249, job group: all slot: accessory_set, current tier: boss_accessory, recommended tier: boss_accessory_or_dawn_pitched_seed starforce: minimum 10, target 17 potential grade: epic_to_unique, priority: main_stat% additional potential: main_stat flat flame score: minimum 50, recommended 80 upgrade priority: 3, condition: boss accessory completion reason: accessory slots are efficient after WSE baseline review_status: d..."
equipment_rule_supplemental_rule_0056,late_bossing weapon equipment progression,progression,equipment_progression_rules.csv,late_bossing,250-269,all,weapon,absolab,arcane_or_high_absolab,,17,17,,legendary,,2 valid lines: boss_damage%/attack%/magic_attack%/ignore_defense%,,,,,attack/magic_attack% line,"minimum 0, recommended 0",,,,1,hard lucid/will and beyond,WSE legendary valid lines become priority,,,,,,,,,draft_needs_team_review,source_supplemental_rule_0056,"rule_file: equipment_progression_rules.csv stage: late_bossing, level range: 250-269, job group: all slot: weapon, current tier: absolab, recommended tier: arcane_or_high_absolab starforce: minimum 17, target 17 potential grade: legendary, priority: 2 valid lines: boss_damage%/attack%/magic_attack%/ignore_defense% additional potential: attack/magic_attack% line flame score: minimum 0, recommended 0 upgrade priority: 1, condition: hard lucid/will and beyond reason: WSE legendary valid lines becom..."
equipment_rule_supplemental_rule_0057,late_bossing secondary_weapon equipment progression,progression,equipment_progression_rules.csv,late_bossing,250-269,all,secondary_weapon,absolab,arcane_or_high_absolab,,17,17,,legendary,,2 valid lines: boss_damage%/attack%/magic_attack%/ignore_defense%,,,,,attack/magic_attack% line,"minimum 0, recommended 0",,,,1,hard lucid/will and beyond,WSE legendary valid lines become priority,,,,,,,,,draft_needs_team_review,source_supplemental_rule_0057,"rule_file: equipment_progression_rules.csv stage: late_bossing, level range: 250-269, job group: all slot: secondary_weapon, current tier: absolab, recommended tier: arcane_or_high_absolab starforce: minimum 17, target 17 potential grade: legendary, priority: 2 valid lines: boss_damage%/attack%/magic_attack%/ignore_defense% additional potential: attack/magic_attack% line flame score: minimum 0, recommended 0 upgrade priority: 1, condition: hard lucid/will and beyond reason: WSE legendary valid l..."
equipment_rule_supplemental_rule_0058,late_bossing emblem equipment progression,progression,equipment_progression_rules.csv,late_bossing,250-269,all,emblem,absolab,arcane_or_high_absolab,,17,17,,legendary,,2 valid lines: boss_damage%/attack%/magic_attack%/ignore_defense%,,,,,attack/magic_attack% line,"minimum 0, recommended 0",,,,1,hard lucid/will and beyond,WSE legendary valid lines become priority,,,,,,,,,draft_needs_team_review,source_supplemental_rule_0058,"rule_file: equipment_progression_rules.csv stage: late_bossing, level range: 250-269, job group: all slot: emblem, current tier: absolab, recommended tier: arcane_or_high_absolab starforce: minimum 17, target 17 potential grade: legendary, priority: 2 valid lines: boss_damage%/attack%/magic_attack%/ignore_defense% additional potential: attack/magic_attack% line flame score: minimum 0, recommended 0 upgrade priority: 1, condition: hard lucid/will and beyond reason: WSE legendary valid lines becom..."
equipment_rule_supplemental_rule_0059,late_bossing armor_set equipment progression,progression,equipment_progression_rules.csv,late_bossing,250-269,all,armor_set,cra_absolab,arcane_5set_or_22_star_absolab_path,,17,18,,unique_to_legendary,,main_stat% 2 lines target,,,,,main_stat% or attack flat,"minimum 80, recommended 100",,,,2,hard boss progression,choose arcane transition or high-star absolab path,,,,,,,,,draft_needs_team_review,source_supplemental_rule_0059,"rule_file: equipment_progression_rules.csv stage: late_bossing, level range: 250-269, job group: all slot: armor_set, current tier: cra_absolab, recommended tier: arcane_5set_or_22_star_absolab_path starforce: minimum 17, target 18 potential grade: unique_to_legendary, priority: main_stat% 2 lines target additional potential: main_stat% or attack flat flame score: minimum 80, recommended 100 upgrade priority: 2, condition: hard boss progression reason: choose arcane transition or high-star absol..."
equipment_rule_supplemental_rule_0060,late_bossing accessory_set equipment progression,progression,equipment_progression_rules.csv,late_bossing,250-269,all,accessory_set,boss_accessory,dawn_or_pitched_boss_progression,,17,18,,unique_to_legendary,,main_stat% 2 lines target,,,,,main_stat% or attack flat,"minimum 80, recommended 100",,,,3,hard boss progression,accessory upgrades scale after core gear baseline,,,,,,,,,draft_needs_team_review,source_supplemental_rule_0060,"rule_file: equipment_progression_rules.csv stage: late_bossing, level range: 250-269, job group: all slot: accessory_set, current tier: boss_accessory, recommended tier: dawn_or_pitched_boss_progression starforce: minimum 17, target 18 potential grade: unique_to_legendary, priority: main_stat% 2 lines target additional potential: main_stat% or attack flat flame score: minimum 80, recommended 100 upgrade priority: 3, condition: hard boss progression reason: accessory upgrades scale after core gea..."
equipment_rule_supplemental_rule_0061,endgame weapon equipment progression,progression,equipment_progression_rules.csv,endgame,270-300,all,weapon,arcane,genesis_or_optimized_arcane,,17,22,,legendary,,3 valid lines target,,,,,attack/magic_attack% line,"minimum 0, recommended 0",,,,1,black mage/liberation and endgame bosses,WSE optimization dominates damage scaling,,,,,,,,,draft_needs_team_review,source_supplemental_rule_0061,"rule_file: equipment_progression_rules.csv stage: endgame, level range: 270-300, job group: all slot: weapon, current tier: arcane, recommended tier: genesis_or_optimized_arcane starforce: minimum 17, target 22 potential grade: legendary, priority: 3 valid lines target additional potential: attack/magic_attack% line flame score: minimum 0, recommended 0 upgrade priority: 1, condition: black mage/liberation and endgame bosses reason: WSE optimization dominates damage scaling review_status: draft_..."
equipment_rule_supplemental_rule_0062,endgame secondary_weapon equipment progression,progression,equipment_progression_rules.csv,endgame,270-300,all,secondary_weapon,arcane,genesis_or_optimized_arcane,,17,22,,legendary,,3 valid lines target,,,,,attack/magic_attack% line,"minimum 0, recommended 0",,,,1,black mage/liberation and endgame bosses,WSE optimization dominates damage scaling,,,,,,,,,draft_needs_team_review,source_supplemental_rule_0062,"rule_file: equipment_progression_rules.csv stage: endgame, level range: 270-300, job group: all slot: secondary_weapon, current tier: arcane, recommended tier: genesis_or_optimized_arcane starforce: minimum 17, target 22 potential grade: legendary, priority: 3 valid lines target additional potential: attack/magic_attack% line flame score: minimum 0, recommended 0 upgrade priority: 1, condition: black mage/liberation and endgame bosses reason: WSE optimization dominates damage scaling review_stat..."
equipment_rule_supplemental_rule_0063,endgame emblem equipment progression,progression,equipment_progression_rules.csv,endgame,270-300,all,emblem,arcane,genesis_or_optimized_arcane,,17,22,,legendary,,3 valid lines target,,,,,attack/magic_attack% line,"minimum 0, recommended 0",,,,1,black mage/liberation and endgame bosses,WSE optimization dominates damage scaling,,,,,,,,,draft_needs_team_review,source_supplemental_rule_0063,"rule_file: equipment_progression_rules.csv stage: endgame, level range: 270-300, job group: all slot: emblem, current tier: arcane, recommended tier: genesis_or_optimized_arcane starforce: minimum 17, target 22 potential grade: legendary, priority: 3 valid lines target additional potential: attack/magic_attack% line flame score: minimum 0, recommended 0 upgrade priority: 1, condition: black mage/liberation and endgame bosses reason: WSE optimization dominates damage scaling review_status: draft_..."
equipment_rule_supplemental_rule_0064,endgame armor_set equipment progression,progression,equipment_progression_rules.csv,endgame,270-300,all,armor_set,arcane,22_star_arcane_or_eternal_path,,18,22,,legendary,,main_stat% 2-3 lines,,,,,main_stat% or attack flat,"minimum 100, recommended 120",,,,2,endgame bossing,starforce and set transition planning,,,,,,,,,draft_needs_team_review,source_supplemental_rule_0064,"rule_file: equipment_progression_rules.csv stage: endgame, level range: 270-300, job group: all slot: armor_set, current tier: arcane, recommended tier: 22_star_arcane_or_eternal_path starforce: minimum 18, target 22 potential grade: legendary, priority: main_stat% 2-3 lines additional potential: main_stat% or attack flat flame score: minimum 100, recommended 120 upgrade priority: 2, condition: endgame bossing reason: starforce and set transition planning review_status: draft_needs_team_review"
equipment_rule_supplemental_rule_0065,endgame accessory_set equipment progression,progression,equipment_progression_rules.csv,endgame,270-300,all,accessory_set,dawn_or_pitched,pitched_boss_optimized,,18,22,,legendary,,main_stat% 2-3 lines,,,,,main_stat% or attack flat,"minimum 100, recommended 120",,,,3,endgame bossing,high cost upgrades require efficiency check,,,,,,,,,draft_needs_team_review,source_supplemental_rule_0065,"rule_file: equipment_progression_rules.csv stage: endgame, level range: 270-300, job group: all slot: accessory_set, current tier: dawn_or_pitched, recommended tier: pitched_boss_optimized starforce: minimum 18, target 22 potential grade: legendary, priority: main_stat% 2-3 lines additional potential: main_stat% or attack flat flame score: minimum 100, recommended 120 upgrade priority: 3, condition: endgame bossing reason: high cost upgrades require efficiency check review_status: draft_needs_te..."
equipment_rule_supplemental_rule_0066,early_bossing weapon priority,slot_priority,equipment_slot_priority.csv,early_bossing,,,weapon,,,,,,,,,,1,,,,,,,,,,,largest visible damage increase,secure epic potential and basic starforce,,,,,,,,draft_needs_team_review,source_supplemental_rule_0066,rule_file: equipment_slot_priority.csv stage: early_bossing item_slot: weapon priority_rank: 1 why: largest visible damage increase recommended_action: secure epic potential and basic starforce review_status: draft_needs_team_review review_status: draft_needs_team_review
equipment_rule_supplemental_rule_0067,early_bossing emblem priority,slot_priority,equipment_slot_priority.csv,early_bossing,,,emblem,,,,,,,,,,2,,,,,,,,,,,does not get replaced often and potential is efficient,roll useful attack/magic attack or ignore defense lines,,,,,,,,draft_needs_team_review,source_supplemental_rule_0067,rule_file: equipment_slot_priority.csv stage: early_bossing item_slot: emblem priority_rank: 2 why: does not get replaced often and potential is efficient recommended_action: roll useful attack/magic attack or ignore defense lines review_status: draft_needs_team_review review_status: draft_needs_team_review
equipment_rule_supplemental_rule_0068,early_bossing secondary_weapon priority,slot_priority,equipment_slot_priority.csv,early_bossing,,,secondary_weapon,,,,,,,,,,3,,,,,,,,,,,WSE potential affects bossing strongly,secure epic potential and useful line,,,,,,,,draft_needs_team_review,source_supplemental_rule_0068,rule_file: equipment_slot_priority.csv stage: early_bossing item_slot: secondary_weapon priority_rank: 3 why: WSE potential affects bossing strongly recommended_action: secure epic potential and useful line review_status: draft_needs_team_review review_status: draft_needs_team_review
equipment_rule_supplemental_rule_0069,early_bossing armor_set priority,slot_priority,equipment_slot_priority.csv,early_bossing,,,armor_set,,,,,,,,,,4,,,,,,,,,,,set effect and starforce baseline,fill CRA/Absolab transition pieces,,,,,,,,draft_needs_team_review,source_supplemental_rule_0069,rule_file: equipment_slot_priority.csv stage: early_bossing item_slot: armor_set priority_rank: 4 why: set effect and starforce baseline recommended_action: fill CRA/Absolab transition pieces review_status: draft_needs_team_review review_status: draft_needs_team_review
equipment_rule_supplemental_rule_0070,early_bossing accessory_set priority,slot_priority,equipment_slot_priority.csv,early_bossing,,,accessory_set,,,,,,,,,,5,,,,,,,,,,,cheap slot completion,complete boss accessory set,,,,,,,,draft_needs_team_review,source_supplemental_rule_0070,rule_file: equipment_slot_priority.csv stage: early_bossing item_slot: accessory_set priority_rank: 5 why: cheap slot completion recommended_action: complete boss accessory set review_status: draft_needs_team_review review_status: draft_needs_team_review
equipment_rule_supplemental_rule_0071,mid_bossing weapon priority,slot_priority,equipment_slot_priority.csv,mid_bossing,,,weapon,,,,,,,,,,1,,,,,,,,,,,boss clear thresholds depend heavily on weapon tier/potential,17 star and unique/legendary WSE path,,,,,,,,draft_needs_team_review,source_supplemental_rule_0071,rule_file: equipment_slot_priority.csv stage: mid_bossing item_slot: weapon priority_rank: 1 why: boss clear thresholds depend heavily on weapon tier/potential recommended_action: 17 star and unique/legendary WSE path review_status: draft_needs_team_review review_status: draft_needs_team_review
equipment_rule_supplemental_rule_0072,mid_bossing emblem priority,slot_priority,equipment_slot_priority.csv,mid_bossing,,,emblem,,,,,,,,,,2,,,,,,,,,,,high efficiency potential slot,target useful unique lines,,,,,,,,draft_needs_team_review,source_supplemental_rule_0072,rule_file: equipment_slot_priority.csv stage: mid_bossing item_slot: emblem priority_rank: 2 why: high efficiency potential slot recommended_action: target useful unique lines review_status: draft_needs_team_review review_status: draft_needs_team_review
equipment_rule_supplemental_rule_0073,mid_bossing secondary_weapon priority,slot_priority,equipment_slot_priority.csv,mid_bossing,,,secondary_weapon,,,,,,,,,,3,,,,,,,,,,,boss damage and IED source,target boss/IED/attack lines,,,,,,,,draft_needs_team_review,source_supplemental_rule_0073,rule_file: equipment_slot_priority.csv stage: mid_bossing item_slot: secondary_weapon priority_rank: 3 why: boss damage and IED source recommended_action: target boss/IED/attack lines review_status: draft_needs_team_review review_status: draft_needs_team_review
equipment_rule_supplemental_rule_0074,mid_bossing gloves priority,slot_priority,equipment_slot_priority.csv,mid_bossing,,,gloves,,,,,,,,,,4,,,,,,,,,,,critical damage potential can be a breakpoint,consider glove potential after WSE,,,,,,,,draft_needs_team_review,source_supplemental_rule_0074,rule_file: equipment_slot_priority.csv stage: mid_bossing item_slot: gloves priority_rank: 4 why: critical damage potential can be a breakpoint recommended_action: consider glove potential after WSE review_status: draft_needs_team_review review_status: draft_needs_team_review
equipment_rule_supplemental_rule_0075,mid_bossing armor_set priority,slot_priority,equipment_slot_priority.csv,mid_bossing,,,armor_set,,,,,,,,,,5,,,,,,,,,,,17 star baseline stabilizes progression,bring key pieces to 17 star,,,,,,,,draft_needs_team_review,source_supplemental_rule_0075,rule_file: equipment_slot_priority.csv stage: mid_bossing item_slot: armor_set priority_rank: 5 why: 17 star baseline stabilizes progression recommended_action: bring key pieces to 17 star review_status: draft_needs_team_review review_status: draft_needs_team_review
equipment_rule_supplemental_rule_0076,late_bossing weapon priority,slot_priority,equipment_slot_priority.csv,late_bossing,,,weapon,,,,,,,,,,1,,,,,,,,,,,arcane/genesis path determines ceiling,prioritize weapon tier and potential,,,,,,,,draft_needs_team_review,source_supplemental_rule_0076,rule_file: equipment_slot_priority.csv stage: late_bossing item_slot: weapon priority_rank: 1 why: arcane/genesis path determines ceiling recommended_action: prioritize weapon tier and potential review_status: draft_needs_team_review review_status: draft_needs_team_review
equipment_rule_supplemental_rule_0077,late_bossing emblem priority,slot_priority,equipment_slot_priority.csv,late_bossing,,,emblem,,,,,,,,,,2,,,,,,,,,,,permanent slot optimization,legendary valid lines,,,,,,,,draft_needs_team_review,source_supplemental_rule_0077,rule_file: equipment_slot_priority.csv stage: late_bossing item_slot: emblem priority_rank: 2 why: permanent slot optimization recommended_action: legendary valid lines review_status: draft_needs_team_review review_status: draft_needs_team_review
equipment_rule_supplemental_rule_0078,late_bossing secondary_weapon priority,slot_priority,equipment_slot_priority.csv,late_bossing,,,secondary_weapon,,,,,,,,,,3,,,,,,,,,,,boss damage/IED optimization,legendary valid lines,,,,,,,,draft_needs_team_review,source_supplemental_rule_0078,rule_file: equipment_slot_priority.csv stage: late_bossing item_slot: secondary_weapon priority_rank: 3 why: boss damage/IED optimization recommended_action: legendary valid lines review_status: draft_needs_team_review review_status: draft_needs_team_review
equipment_rule_supplemental_rule_0079,late_bossing gloves priority,slot_priority,equipment_slot_priority.csv,late_bossing,,,gloves,,,,,,,,,,4,,,,,,,,,,,crit damage lines are valuable,optimize gloves after WSE,,,,,,,,draft_needs_team_review,source_supplemental_rule_0079,rule_file: equipment_slot_priority.csv stage: late_bossing item_slot: gloves priority_rank: 4 why: crit damage lines are valuable recommended_action: optimize gloves after WSE review_status: draft_needs_team_review review_status: draft_needs_team_review
equipment_rule_supplemental_rule_0080,late_bossing accessory_set priority,slot_priority,equipment_slot_priority.csv,late_bossing,,,accessory_set,,,,,,,,,,5,,,,,,,,,,,dawn/pitched transition has high cost,upgrade by efficiency and transfer path,,,,,,,,draft_needs_team_review,source_supplemental_rule_0080,rule_file: equipment_slot_priority.csv stage: late_bossing item_slot: accessory_set priority_rank: 5 why: dawn/pitched transition has high cost recommended_action: upgrade by efficiency and transfer path review_status: draft_needs_team_review review_status: draft_needs_team_review
equipment_rule_supplemental_rule_0081,endgame weapon priority,slot_priority,equipment_slot_priority.csv,endgame,,,weapon,,,,,,,,,,1,,,,,,,,,,,liberation/genesis path,optimize final weapon path,,,,,,,,draft_needs_team_review,source_supplemental_rule_0081,rule_file: equipment_slot_priority.csv stage: endgame item_slot: weapon priority_rank: 1 why: liberation/genesis path recommended_action: optimize final weapon path review_status: draft_needs_team_review review_status: draft_needs_team_review
equipment_rule_supplemental_rule_0082,endgame accessory_set priority,slot_priority,equipment_slot_priority.csv,endgame,,,accessory_set,,,,,,,,,,2,,,,,,,,,,,pitched boss upgrades define endgame ceiling,evaluate cost and set effects,,,,,,,,draft_needs_team_review,source_supplemental_rule_0082,rule_file: equipment_slot_priority.csv stage: endgame item_slot: accessory_set priority_rank: 2 why: pitched boss upgrades define endgame ceiling recommended_action: evaluate cost and set effects review_status: draft_needs_team_review review_status: draft_needs_team_review
equipment_rule_supplemental_rule_0083,endgame armor_set priority,slot_priority,equipment_slot_priority.csv,endgame,,,armor_set,,,,,,,,,,3,,,,,,,,,,,22 star/eternal transition,plan high starforce upgrades carefully,,,,,,,,draft_needs_team_review,source_supplemental_rule_0083,rule_file: equipment_slot_priority.csv stage: endgame item_slot: armor_set priority_rank: 3 why: 22 star/eternal transition recommended_action: plan high starforce upgrades carefully review_status: draft_needs_team_review review_status: draft_needs_team_review
equipment_rule_supplemental_rule_0084,warrior armor_or_accessory potential rule,potential,potential_option_rules.csv,,,warrior,armor_or_accessory,,,,,,,,main_potential,1,,STR%|all_stat% where efficient,flat stat at high level|irrelevant stat,unique_to_legendary,,,,,,,,,,,,,,,main stat lines for non-WSE slots,,draft_needs_team_review,source_supplemental_rule_0084,rule_file: potential_option_rules.csv job_group: warrior item_slot: armor_or_accessory option_type: main_potential priority: 1 valid_options: STR%|all_stat% where efficient bad_options: flat stat at high level|irrelevant stat target_grade: unique_to_legendary notes: main stat lines for non-WSE slots review_status: draft_needs_team_review review_status: draft_needs_team_review
equipment_rule_supplemental_rule_0085,magician armor_or_accessory potential rule,potential,potential_option_rules.csv,,,magician,armor_or_accessory,,,,,,,,main_potential,1,,INT%|all_stat% where efficient,flat stat at high level|irrelevant stat,unique_to_legendary,,,,,,,,,,,,,,,main stat lines for non-WSE slots,,draft_needs_team_review,source_supplemental_rule_0085,rule_file: potential_option_rules.csv job_group: magician item_slot: armor_or_accessory option_type: main_potential priority: 1 valid_options: INT%|all_stat% where efficient bad_options: flat stat at high level|irrelevant stat target_grade: unique_to_legendary notes: main stat lines for non-WSE slots review_status: draft_needs_team_review review_status: draft_needs_team_review
equipment_rule_supplemental_rule_0086,bowman armor_or_accessory potential rule,potential,potential_option_rules.csv,,,bowman,armor_or_accessory,,,,,,,,main_potential,1,,DEX%|all_stat% where efficient,flat stat at high level|irrelevant stat,unique_to_legendary,,,,,,,,,,,,,,,main stat lines for non-WSE slots,,draft_needs_team_review,source_supplemental_rule_0086,rule_file: potential_option_rules.csv job_group: bowman item_slot: armor_or_accessory option_type: main_potential priority: 1 valid_options: DEX%|all_stat% where efficient bad_options: flat stat at high level|irrelevant stat target_grade: unique_to_legendary notes: main stat lines for non-WSE slots review_status: draft_needs_team_review review_status: draft_needs_team_review
equipment_rule_supplemental_rule_0087,thief armor_or_accessory potential rule,potential,potential_option_rules.csv,,,thief,armor_or_accessory,,,,,,,,main_potential,1,,LUK%|all_stat% where efficient,flat stat at high level|irrelevant stat,unique_to_legendary,,,,,,,,,,,,,,,main stat lines for non-WSE slots,,draft_needs_team_review,source_supplemental_rule_0087,rule_file: potential_option_rules.csv job_group: thief item_slot: armor_or_accessory option_type: main_potential priority: 1 valid_options: LUK%|all_stat% where efficient bad_options: flat stat at high level|irrelevant stat target_grade: unique_to_legendary notes: main stat lines for non-WSE slots review_status: draft_needs_team_review review_status: draft_needs_team_review
equipment_rule_supplemental_rule_0088,pirate armor_or_accessory potential rule,potential,potential_option_rules.csv,,,pirate,armor_or_accessory,,,,,,,,main_potential,1,,STR/DEX%|all_stat% where efficient,flat stat at high level|irrelevant stat,unique_to_legendary,,,,,,,,,,,,,,,main stat lines for non-WSE slots,,draft_needs_team_review,source_supplemental_rule_0088,rule_file: potential_option_rules.csv job_group: pirate item_slot: armor_or_accessory option_type: main_potential priority: 1 valid_options: STR/DEX%|all_stat% where efficient bad_options: flat stat at high level|irrelevant stat target_grade: unique_to_legendary notes: main stat lines for non-WSE slots review_status: draft_needs_team_review review_status: draft_needs_team_review
equipment_rule_supplemental_rule_0089,xenon armor_or_accessory potential rule,potential,potential_option_rules.csv,,,xenon,armor_or_accessory,,,,,,,,main_potential,1,,all_stat%|all_stat% where efficient,flat stat at high level|irrelevant stat,unique_to_legendary,,,,,,,,,,,,,,,main stat lines for non-WSE slots,,draft_needs_team_review,source_supplemental_rule_0089,rule_file: potential_option_rules.csv job_group: xenon item_slot: armor_or_accessory option_type: main_potential priority: 1 valid_options: all_stat%|all_stat% where efficient bad_options: flat stat at high level|irrelevant stat target_grade: unique_to_legendary notes: main stat lines for non-WSE slots review_status: draft_needs_team_review review_status: draft_needs_team_review
equipment_rule_supplemental_rule_0090,demon_avenger armor_or_accessory potential rule,potential,potential_option_rules.csv,,,demon_avenger,armor_or_accessory,,,,,,,,main_potential,1,,HP%|all_stat% where efficient,flat stat at high level|irrelevant stat,unique_to_legendary,,,,,,,,,,,,,,,main stat lines for non-WSE slots,,draft_needs_team_review,source_supplemental_rule_0090,rule_file: potential_option_rules.csv job_group: demon_avenger item_slot: armor_or_accessory option_type: main_potential priority: 1 valid_options: HP%|all_stat% where efficient bad_options: flat stat at high level|irrelevant stat target_grade: unique_to_legendary notes: main stat lines for non-WSE slots review_status: draft_needs_team_review review_status: draft_needs_team_review
equipment_rule_supplemental_rule_0091,all weapon potential rule,potential,potential_option_rules.csv,,,all,weapon,,,,,,,,main_potential,1,,attack%|magic_attack%|boss_damage%|ignore_defense%,damage% usually lower priority|irrelevant stat,unique_to_legendary,,,,,,,,,,,,,,,WSE valid lines depend on current IED/boss damage balance,,draft_needs_team_review,source_supplemental_rule_0091,rule_file: potential_option_rules.csv job_group: all item_slot: weapon option_type: main_potential priority: 1 valid_options: attack%|magic_attack%|boss_damage%|ignore_defense% bad_options: damage% usually lower priority|irrelevant stat target_grade: unique_to_legendary notes: WSE valid lines depend on current IED/boss damage balance review_status: draft_needs_team_review review_status: draft_needs_team_review
equipment_rule_supplemental_rule_0092,all secondary_weapon potential rule,potential,potential_option_rules.csv,,,all,secondary_weapon,,,,,,,,main_potential,1,,attack%|magic_attack%|boss_damage%|ignore_defense%,damage% usually lower priority|irrelevant stat,unique_to_legendary,,,,,,,,,,,,,,,WSE valid lines depend on current IED/boss damage balance,,draft_needs_team_review,source_supplemental_rule_0092,rule_file: potential_option_rules.csv job_group: all item_slot: secondary_weapon option_type: main_potential priority: 1 valid_options: attack%|magic_attack%|boss_damage%|ignore_defense% bad_options: damage% usually lower priority|irrelevant stat target_grade: unique_to_legendary notes: WSE valid lines depend on current IED/boss damage balance review_status: draft_needs_team_review review_status: draft_needs_team_review
equipment_rule_supplemental_rule_0093,all emblem potential rule,potential,potential_option_rules.csv,,,all,emblem,,,,,,,,main_potential,1,,attack%|magic_attack%|boss_damage%|ignore_defense%,damage% usually lower priority|irrelevant stat,unique_to_legendary,,,,,,,,,,,,,,,WSE valid lines depend on current IED/boss damage balance,,draft_needs_team_review,source_supplemental_rule_0093,rule_file: potential_option_rules.csv job_group: all item_slot: emblem option_type: main_potential priority: 1 valid_options: attack%|magic_attack%|boss_damage%|ignore_defense% bad_options: damage% usually lower priority|irrelevant stat target_grade: unique_to_legendary notes: WSE valid lines depend on current IED/boss damage balance review_status: draft_needs_team_review review_status: draft_needs_team_review
equipment_rule_supplemental_rule_0094,all gloves potential rule,potential,potential_option_rules.csv,,,all,gloves,,,,,,,,main_potential,1,,critical_damage%|main_stat%,irrelevant stat,unique_to_legendary,,,,,,,,,,,,,,,crit damage gloves become important from mid/late bossing,,draft_needs_team_review,source_supplemental_rule_0094,rule_file: potential_option_rules.csv job_group: all item_slot: gloves option_type: main_potential priority: 1 valid_options: critical_damage%|main_stat% bad_options: irrelevant stat target_grade: unique_to_legendary notes: crit damage gloves become important from mid/late bossing review_status: draft_needs_team_review review_status: draft_needs_team_review
equipment_rule_supplemental_rule_0095,all heart potential rule,potential,potential_option_rules.csv,,,all,heart,,,,,,,,main_potential,3,,main_stat%|attack% where available,irrelevant stat,epic_to_unique,,,,,,,,,,,,,,,depends on heart tier and event availability,,draft_needs_team_review,source_supplemental_rule_0095,rule_file: potential_option_rules.csv job_group: all item_slot: heart option_type: main_potential priority: 3 valid_options: main_stat%|attack% where available bad_options: irrelevant stat target_grade: epic_to_unique notes: depends on heart tier and event availability review_status: draft_needs_team_review review_status: draft_needs_team_review
equipment_rule_supplemental_rule_0096,all any potential rule,potential,potential_option_rules.csv,,,all,any,,,,,,,,additional_potential,2,,attack/magic_attack flat|main_stat flat|attack% for high budget,irrelevant stat,rare_to_legendary,,,,,,,,,,,,,,,additional potential should not block early progression,,draft_needs_team_review,source_supplemental_rule_0096,rule_file: potential_option_rules.csv job_group: all item_slot: any option_type: additional_potential priority: 2 valid_options: attack/magic_attack flat|main_stat flat|attack% for high budget bad_options: irrelevant stat target_grade: rare_to_legendary notes: additional potential should not block early progression review_status: draft_needs_team_review review_status: draft_needs_team_review
equipment_rule_supplemental_rule_0097,warrior weapon flame score rule,flame_score,flame_score_rules.csv,,200-219,warrior,weapon,,,,,,,,,,,,,,,,40,60,80,,,,,,,,,,,score = main_stat + all_stat%*10 + attack_or_magic*4 rough seed,draft_needs_team_review,source_supplemental_rule_0097,rule_file: flame_score_rules.csv job_group: warrior item_slot: weapon level_range: 200-219 minimum_score: 40 recommended_score: 60 high_score: 80 calculation_note: score = main_stat + all_stat%*10 + attack_or_magic*4 rough seed review_status: draft_needs_team_review review_status: draft_needs_team_review
equipment_rule_supplemental_rule_0098,warrior weapon flame score rule,flame_score,flame_score_rules.csv,,220-249,warrior,weapon,,,,,,,,,,,,,,,,60,80,100,,,,,,,,,,,score = main_stat + all_stat%*10 + attack_or_magic*4 rough seed,draft_needs_team_review,source_supplemental_rule_0098,rule_file: flame_score_rules.csv job_group: warrior item_slot: weapon level_range: 220-249 minimum_score: 60 recommended_score: 80 high_score: 100 calculation_note: score = main_stat + all_stat%*10 + attack_or_magic*4 rough seed review_status: draft_needs_team_review review_status: draft_needs_team_review
equipment_rule_supplemental_rule_0099,warrior weapon flame score rule,flame_score,flame_score_rules.csv,,250-300,warrior,weapon,,,,,,,,,,,,,,,,80,100,120,,,,,,,,,,,score = main_stat + all_stat%*10 + attack_or_magic*4 rough seed,draft_needs_team_review,source_supplemental_rule_0099,rule_file: flame_score_rules.csv job_group: warrior item_slot: weapon level_range: 250-300 minimum_score: 80 recommended_score: 100 high_score: 120 calculation_note: score = main_stat + all_stat%*10 + attack_or_magic*4 rough seed review_status: draft_needs_team_review review_status: draft_needs_team_review
equipment_rule_supplemental_rule_0100,warrior armor flame score rule,flame_score,flame_score_rules.csv,,200-219,warrior,armor,,,,,,,,,,,,,,,,40,60,80,,,,,,,,,,,score = main_stat + all_stat%*10 + attack_or_magic*4 rough seed,draft_needs_team_review,source_supplemental_rule_0100,rule_file: flame_score_rules.csv job_group: warrior item_slot: armor level_range: 200-219 minimum_score: 40 recommended_score: 60 high_score: 80 calculation_note: score = main_stat + all_stat%*10 + attack_or_magic*4 rough seed review_status: draft_needs_team_review review_status: draft_needs_team_review
equipment_rule_supplemental_rule_0101,warrior armor flame score rule,flame_score,flame_score_rules.csv,,220-249,warrior,armor,,,,,,,,,,,,,,,,60,80,100,,,,,,,,,,,score = main_stat + all_stat%*10 + attack_or_magic*4 rough seed,draft_needs_team_review,source_supplemental_rule_0101,rule_file: flame_score_rules.csv job_group: warrior item_slot: armor level_range: 220-249 minimum_score: 60 recommended_score: 80 high_score: 100 calculation_note: score = main_stat + all_stat%*10 + attack_or_magic*4 rough seed review_status: draft_needs_team_review review_status: draft_needs_team_review
equipment_rule_supplemental_rule_0102,warrior armor flame score rule,flame_score,flame_score_rules.csv,,250-300,warrior,armor,,,,,,,,,,,,,,,,80,100,120,,,,,,,,,,,score = main_stat + all_stat%*10 + attack_or_magic*4 rough seed,draft_needs_team_review,source_supplemental_rule_0102,rule_file: flame_score_rules.csv job_group: warrior item_slot: armor level_range: 250-300 minimum_score: 80 recommended_score: 100 high_score: 120 calculation_note: score = main_stat + all_stat%*10 + attack_or_magic*4 rough seed review_status: draft_needs_team_review review_status: draft_needs_team_review
equipment_rule_supplemental_rule_0103,warrior accessory flame score rule,flame_score,flame_score_rules.csv,,200-219,warrior,accessory,,,,,,,,,,,,,,,,40,60,80,,,,,,,,,,,score = main_stat + all_stat%*10 + attack_or_magic*4 rough seed,draft_needs_team_review,source_supplemental_rule_0103,rule_file: flame_score_rules.csv job_group: warrior item_slot: accessory level_range: 200-219 minimum_score: 40 recommended_score: 60 high_score: 80 calculation_note: score = main_stat + all_stat%*10 + attack_or_magic*4 rough seed review_status: draft_needs_team_review review_status: draft_needs_team_review
equipment_rule_supplemental_rule_0104,warrior accessory flame score rule,flame_score,flame_score_rules.csv,,220-249,warrior,accessory,,,,,,,,,,,,,,,,60,80,100,,,,,,,,,,,score = main_stat + all_stat%*10 + attack_or_magic*4 rough seed,draft_needs_team_review,source_supplemental_rule_0104,rule_file: flame_score_rules.csv job_group: warrior item_slot: accessory level_range: 220-249 minimum_score: 60 recommended_score: 80 high_score: 100 calculation_note: score = main_stat + all_stat%*10 + attack_or_magic*4 rough seed review_status: draft_needs_team_review review_status: draft_needs_team_review
equipment_rule_supplemental_rule_0105,warrior accessory flame score rule,flame_score,flame_score_rules.csv,,250-300,warrior,accessory,,,,,,,,,,,,,,,,80,100,120,,,,,,,,,,,score = main_stat + all_stat%*10 + attack_or_magic*4 rough seed,draft_needs_team_review,source_supplemental_rule_0105,rule_file: flame_score_rules.csv job_group: warrior item_slot: accessory level_range: 250-300 minimum_score: 80 recommended_score: 100 high_score: 120 calculation_note: score = main_stat + all_stat%*10 + attack_or_magic*4 rough seed review_status: draft_needs_team_review review_status: draft_needs_team_review
equipment_rule_supplemental_rule_0106,magician weapon flame score rule,flame_score,flame_score_rules.csv,,200-219,magician,weapon,,,,,,,,,,,,,,,,40,60,80,,,,,,,,,,,score = main_stat + all_stat%*10 + attack_or_magic*4 rough seed,draft_needs_team_review,source_supplemental_rule_0106,rule_file: flame_score_rules.csv job_group: magician item_slot: weapon level_range: 200-219 minimum_score: 40 recommended_score: 60 high_score: 80 calculation_note: score = main_stat + all_stat%*10 + attack_or_magic*4 rough seed review_status: draft_needs_team_review review_status: draft_needs_team_review
equipment_rule_supplemental_rule_0107,magician weapon flame score rule,flame_score,flame_score_rules.csv,,220-249,magician,weapon,,,,,,,,,,,,,,,,60,80,100,,,,,,,,,,,score = main_stat + all_stat%*10 + attack_or_magic*4 rough seed,draft_needs_team_review,source_supplemental_rule_0107,rule_file: flame_score_rules.csv job_group: magician item_slot: weapon level_range: 220-249 minimum_score: 60 recommended_score: 80 high_score: 100 calculation_note: score = main_stat + all_stat%*10 + attack_or_magic*4 rough seed review_status: draft_needs_team_review review_status: draft_needs_team_review
equipment_rule_supplemental_rule_0108,magician weapon flame score rule,flame_score,flame_score_rules.csv,,250-300,magician,weapon,,,,,,,,,,,,,,,,80,100,120,,,,,,,,,,,score = main_stat + all_stat%*10 + attack_or_magic*4 rough seed,draft_needs_team_review,source_supplemental_rule_0108,rule_file: flame_score_rules.csv job_group: magician item_slot: weapon level_range: 250-300 minimum_score: 80 recommended_score: 100 high_score: 120 calculation_note: score = main_stat + all_stat%*10 + attack_or_magic*4 rough seed review_status: draft_needs_team_review review_status: draft_needs_team_review
equipment_rule_supplemental_rule_0109,magician armor flame score rule,flame_score,flame_score_rules.csv,,200-219,magician,armor,,,,,,,,,,,,,,,,40,60,80,,,,,,,,,,,score = main_stat + all_stat%*10 + attack_or_magic*4 rough seed,draft_needs_team_review,source_supplemental_rule_0109,rule_file: flame_score_rules.csv job_group: magician item_slot: armor level_range: 200-219 minimum_score: 40 recommended_score: 60 high_score: 80 calculation_note: score = main_stat + all_stat%*10 + attack_or_magic*4 rough seed review_status: draft_needs_team_review review_status: draft_needs_team_review
equipment_rule_supplemental_rule_0110,magician armor flame score rule,flame_score,flame_score_rules.csv,,220-249,magician,armor,,,,,,,,,,,,,,,,60,80,100,,,,,,,,,,,score = main_stat + all_stat%*10 + attack_or_magic*4 rough seed,draft_needs_team_review,source_supplemental_rule_0110,rule_file: flame_score_rules.csv job_group: magician item_slot: armor level_range: 220-249 minimum_score: 60 recommended_score: 80 high_score: 100 calculation_note: score = main_stat + all_stat%*10 + attack_or_magic*4 rough seed review_status: draft_needs_team_review review_status: draft_needs_team_review
equipment_rule_supplemental_rule_0111,magician armor flame score rule,flame_score,flame_score_rules.csv,,250-300,magician,armor,,,,,,,,,,,,,,,,80,100,120,,,,,,,,,,,score = main_stat + all_stat%*10 + attack_or_magic*4 rough seed,draft_needs_team_review,source_supplemental_rule_0111,rule_file: flame_score_rules.csv job_group: magician item_slot: armor level_range: 250-300 minimum_score: 80 recommended_score: 100 high_score: 120 calculation_note: score = main_stat + all_stat%*10 + attack_or_magic*4 rough seed review_status: draft_needs_team_review review_status: draft_needs_team_review
equipment_rule_supplemental_rule_0112,magician accessory flame score rule,flame_score,flame_score_rules.csv,,200-219,magician,accessory,,,,,,,,,,,,,,,,40,60,80,,,,,,,,,,,score = main_stat + all_stat%*10 + attack_or_magic*4 rough seed,draft_needs_team_review,source_supplemental_rule_0112,rule_file: flame_score_rules.csv job_group: magician item_slot: accessory level_range: 200-219 minimum_score: 40 recommended_score: 60 high_score: 80 calculation_note: score = main_stat + all_stat%*10 + attack_or_magic*4 rough seed review_status: draft_needs_team_review review_status: draft_needs_team_review
equipment_rule_supplemental_rule_0113,magician accessory flame score rule,flame_score,flame_score_rules.csv,,220-249,magician,accessory,,,,,,,,,,,,,,,,60,80,100,,,,,,,,,,,score = main_stat + all_stat%*10 + attack_or_magic*4 rough seed,draft_needs_team_review,source_supplemental_rule_0113,rule_file: flame_score_rules.csv job_group: magician item_slot: accessory level_range: 220-249 minimum_score: 60 recommended_score: 80 high_score: 100 calculation_note: score = main_stat + all_stat%*10 + attack_or_magic*4 rough seed review_status: draft_needs_team_review review_status: draft_needs_team_review
equipment_rule_supplemental_rule_0114,magician accessory flame score rule,flame_score,flame_score_rules.csv,,250-300,magician,accessory,,,,,,,,,,,,,,,,80,100,120,,,,,,,,,,,score = main_stat + all_stat%*10 + attack_or_magic*4 rough seed,draft_needs_team_review,source_supplemental_rule_0114,rule_file: flame_score_rules.csv job_group: magician item_slot: accessory level_range: 250-300 minimum_score: 80 recommended_score: 100 high_score: 120 calculation_note: score = main_stat + all_stat%*10 + attack_or_magic*4 rough seed review_status: draft_needs_team_review review_status: draft_needs_team_review
equipment_rule_supplemental_rule_0115,bowman weapon flame score rule,flame_score,flame_score_rules.csv,,200-219,bowman,weapon,,,,,,,,,,,,,,,,40,60,80,,,,,,,,,,,score = main_stat + all_stat%*10 + attack_or_magic*4 rough seed,draft_needs_team_review,source_supplemental_rule_0115,rule_file: flame_score_rules.csv job_group: bowman item_slot: weapon level_range: 200-219 minimum_score: 40 recommended_score: 60 high_score: 80 calculation_note: score = main_stat + all_stat%*10 + attack_or_magic*4 rough seed review_status: draft_needs_team_review review_status: draft_needs_team_review
equipment_rule_supplemental_rule_0116,bowman weapon flame score rule,flame_score,flame_score_rules.csv,,220-249,bowman,weapon,,,,,,,,,,,,,,,,60,80,100,,,,,,,,,,,score = main_stat + all_stat%*10 + attack_or_magic*4 rough seed,draft_needs_team_review,source_supplemental_rule_0116,rule_file: flame_score_rules.csv job_group: bowman item_slot: weapon level_range: 220-249 minimum_score: 60 recommended_score: 80 high_score: 100 calculation_note: score = main_stat + all_stat%*10 + attack_or_magic*4 rough seed review_status: draft_needs_team_review review_status: draft_needs_team_review
equipment_rule_supplemental_rule_0117,bowman weapon flame score rule,flame_score,flame_score_rules.csv,,250-300,bowman,weapon,,,,,,,,,,,,,,,,80,100,120,,,,,,,,,,,score = main_stat + all_stat%*10 + attack_or_magic*4 rough seed,draft_needs_team_review,source_supplemental_rule_0117,rule_file: flame_score_rules.csv job_group: bowman item_slot: weapon level_range: 250-300 minimum_score: 80 recommended_score: 100 high_score: 120 calculation_note: score = main_stat + all_stat%*10 + attack_or_magic*4 rough seed review_status: draft_needs_team_review review_status: draft_needs_team_review
equipment_rule_supplemental_rule_0118,bowman armor flame score rule,flame_score,flame_score_rules.csv,,200-219,bowman,armor,,,,,,,,,,,,,,,,40,60,80,,,,,,,,,,,score = main_stat + all_stat%*10 + attack_or_magic*4 rough seed,draft_needs_team_review,source_supplemental_rule_0118,rule_file: flame_score_rules.csv job_group: bowman item_slot: armor level_range: 200-219 minimum_score: 40 recommended_score: 60 high_score: 80 calculation_note: score = main_stat + all_stat%*10 + attack_or_magic*4 rough seed review_status: draft_needs_team_review review_status: draft_needs_team_review
equipment_rule_supplemental_rule_0119,bowman armor flame score rule,flame_score,flame_score_rules.csv,,220-249,bowman,armor,,,,,,,,,,,,,,,,60,80,100,,,,,,,,,,,score = main_stat + all_stat%*10 + attack_or_magic*4 rough seed,draft_needs_team_review,source_supplemental_rule_0119,rule_file: flame_score_rules.csv job_group: bowman item_slot: armor level_range: 220-249 minimum_score: 60 recommended_score: 80 high_score: 100 calculation_note: score = main_stat + all_stat%*10 + attack_or_magic*4 rough seed review_status: draft_needs_team_review review_status: draft_needs_team_review
equipment_rule_supplemental_rule_0120,bowman armor flame score rule,flame_score,flame_score_rules.csv,,250-300,bowman,armor,,,,,,,,,,,,,,,,80,100,120,,,,,,,,,,,score = main_stat + all_stat%*10 + attack_or_magic*4 rough seed,draft_needs_team_review,source_supplemental_rule_0120,rule_file: flame_score_rules.csv job_group: bowman item_slot: armor level_range: 250-300 minimum_score: 80 recommended_score: 100 high_score: 120 calculation_note: score = main_stat + all_stat%*10 + attack_or_magic*4 rough seed review_status: draft_needs_team_review review_status: draft_needs_team_review
equipment_rule_supplemental_rule_0121,bowman accessory flame score rule,flame_score,flame_score_rules.csv,,200-219,bowman,accessory,,,,,,,,,,,,,,,,40,60,80,,,,,,,,,,,score = main_stat + all_stat%*10 + attack_or_magic*4 rough seed,draft_needs_team_review,source_supplemental_rule_0121,rule_file: flame_score_rules.csv job_group: bowman item_slot: accessory level_range: 200-219 minimum_score: 40 recommended_score: 60 high_score: 80 calculation_note: score = main_stat + all_stat%*10 + attack_or_magic*4 rough seed review_status: draft_needs_team_review review_status: draft_needs_team_review
equipment_rule_supplemental_rule_0122,bowman accessory flame score rule,flame_score,flame_score_rules.csv,,220-249,bowman,accessory,,,,,,,,,,,,,,,,60,80,100,,,,,,,,,,,score = main_stat + all_stat%*10 + attack_or_magic*4 rough seed,draft_needs_team_review,source_supplemental_rule_0122,rule_file: flame_score_rules.csv job_group: bowman item_slot: accessory level_range: 220-249 minimum_score: 60 recommended_score: 80 high_score: 100 calculation_note: score = main_stat + all_stat%*10 + attack_or_magic*4 rough seed review_status: draft_needs_team_review review_status: draft_needs_team_review
equipment_rule_supplemental_rule_0123,bowman accessory flame score rule,flame_score,flame_score_rules.csv,,250-300,bowman,accessory,,,,,,,,,,,,,,,,80,100,120,,,,,,,,,,,score = main_stat + all_stat%*10 + attack_or_magic*4 rough seed,draft_needs_team_review,source_supplemental_rule_0123,rule_file: flame_score_rules.csv job_group: bowman item_slot: accessory level_range: 250-300 minimum_score: 80 recommended_score: 100 high_score: 120 calculation_note: score = main_stat + all_stat%*10 + attack_or_magic*4 rough seed review_status: draft_needs_team_review review_status: draft_needs_team_review
equipment_rule_supplemental_rule_0124,thief weapon flame score rule,flame_score,flame_score_rules.csv,,200-219,thief,weapon,,,,,,,,,,,,,,,,40,60,80,,,,,,,,,,,score = main_stat + all_stat%*10 + attack_or_magic*4 rough seed,draft_needs_team_review,source_supplemental_rule_0124,rule_file: flame_score_rules.csv job_group: thief item_slot: weapon level_range: 200-219 minimum_score: 40 recommended_score: 60 high_score: 80 calculation_note: score = main_stat + all_stat%*10 + attack_or_magic*4 rough seed review_status: draft_needs_team_review review_status: draft_needs_team_review
equipment_rule_supplemental_rule_0125,thief weapon flame score rule,flame_score,flame_score_rules.csv,,220-249,thief,weapon,,,,,,,,,,,,,,,,60,80,100,,,,,,,,,,,score = main_stat + all_stat%*10 + attack_or_magic*4 rough seed,draft_needs_team_review,source_supplemental_rule_0125,rule_file: flame_score_rules.csv job_group: thief item_slot: weapon level_range: 220-249 minimum_score: 60 recommended_score: 80 high_score: 100 calculation_note: score = main_stat + all_stat%*10 + attack_or_magic*4 rough seed review_status: draft_needs_team_review review_status: draft_needs_team_review
equipment_rule_supplemental_rule_0126,thief weapon flame score rule,flame_score,flame_score_rules.csv,,250-300,thief,weapon,,,,,,,,,,,,,,,,80,100,120,,,,,,,,,,,score = main_stat + all_stat%*10 + attack_or_magic*4 rough seed,draft_needs_team_review,source_supplemental_rule_0126,rule_file: flame_score_rules.csv job_group: thief item_slot: weapon level_range: 250-300 minimum_score: 80 recommended_score: 100 high_score: 120 calculation_note: score = main_stat + all_stat%*10 + attack_or_magic*4 rough seed review_status: draft_needs_team_review review_status: draft_needs_team_review
equipment_rule_supplemental_rule_0127,thief armor flame score rule,flame_score,flame_score_rules.csv,,200-219,thief,armor,,,,,,,,,,,,,,,,40,60,80,,,,,,,,,,,score = main_stat + all_stat%*10 + attack_or_magic*4 rough seed,draft_needs_team_review,source_supplemental_rule_0127,rule_file: flame_score_rules.csv job_group: thief item_slot: armor level_range: 200-219 minimum_score: 40 recommended_score: 60 high_score: 80 calculation_note: score = main_stat + all_stat%*10 + attack_or_magic*4 rough seed review_status: draft_needs_team_review review_status: draft_needs_team_review
equipment_rule_supplemental_rule_0128,thief armor flame score rule,flame_score,flame_score_rules.csv,,220-249,thief,armor,,,,,,,,,,,,,,,,60,80,100,,,,,,,,,,,score = main_stat + all_stat%*10 + attack_or_magic*4 rough seed,draft_needs_team_review,source_supplemental_rule_0128,rule_file: flame_score_rules.csv job_group: thief item_slot: armor level_range: 220-249 minimum_score: 60 recommended_score: 80 high_score: 100 calculation_note: score = main_stat + all_stat%*10 + attack_or_magic*4 rough seed review_status: draft_needs_team_review review_status: draft_needs_team_review
equipment_rule_supplemental_rule_0129,thief armor flame score rule,flame_score,flame_score_rules.csv,,250-300,thief,armor,,,,,,,,,,,,,,,,80,100,120,,,,,,,,,,,score = main_stat + all_stat%*10 + attack_or_magic*4 rough seed,draft_needs_team_review,source_supplemental_rule_0129,rule_file: flame_score_rules.csv job_group: thief item_slot: armor level_range: 250-300 minimum_score: 80 recommended_score: 100 high_score: 120 calculation_note: score = main_stat + all_stat%*10 + attack_or_magic*4 rough seed review_status: draft_needs_team_review review_status: draft_needs_team_review
equipment_rule_supplemental_rule_0130,thief accessory flame score rule,flame_score,flame_score_rules.csv,,200-219,thief,accessory,,,,,,,,,,,,,,,,40,60,80,,,,,,,,,,,score = main_stat + all_stat%*10 + attack_or_magic*4 rough seed,draft_needs_team_review,source_supplemental_rule_0130,rule_file: flame_score_rules.csv job_group: thief item_slot: accessory level_range: 200-219 minimum_score: 40 recommended_score: 60 high_score: 80 calculation_note: score = main_stat + all_stat%*10 + attack_or_magic*4 rough seed review_status: draft_needs_team_review review_status: draft_needs_team_review
equipment_rule_supplemental_rule_0131,thief accessory flame score rule,flame_score,flame_score_rules.csv,,220-249,thief,accessory,,,,,,,,,,,,,,,,60,80,100,,,,,,,,,,,score = main_stat + all_stat%*10 + attack_or_magic*4 rough seed,draft_needs_team_review,source_supplemental_rule_0131,rule_file: flame_score_rules.csv job_group: thief item_slot: accessory level_range: 220-249 minimum_score: 60 recommended_score: 80 high_score: 100 calculation_note: score = main_stat + all_stat%*10 + attack_or_magic*4 rough seed review_status: draft_needs_team_review review_status: draft_needs_team_review
equipment_rule_supplemental_rule_0132,thief accessory flame score rule,flame_score,flame_score_rules.csv,,250-300,thief,accessory,,,,,,,,,,,,,,,,80,100,120,,,,,,,,,,,score = main_stat + all_stat%*10 + attack_or_magic*4 rough seed,draft_needs_team_review,source_supplemental_rule_0132,rule_file: flame_score_rules.csv job_group: thief item_slot: accessory level_range: 250-300 minimum_score: 80 recommended_score: 100 high_score: 120 calculation_note: score = main_stat + all_stat%*10 + attack_or_magic*4 rough seed review_status: draft_needs_team_review review_status: draft_needs_team_review
equipment_rule_supplemental_rule_0133,pirate weapon flame score rule,flame_score,flame_score_rules.csv,,200-219,pirate,weapon,,,,,,,,,,,,,,,,40,60,80,,,,,,,,,,,score = main_stat + all_stat%*10 + attack_or_magic*4 rough seed,draft_needs_team_review,source_supplemental_rule_0133,rule_file: flame_score_rules.csv job_group: pirate item_slot: weapon level_range: 200-219 minimum_score: 40 recommended_score: 60 high_score: 80 calculation_note: score = main_stat + all_stat%*10 + attack_or_magic*4 rough seed review_status: draft_needs_team_review review_status: draft_needs_team_review
equipment_rule_supplemental_rule_0134,pirate weapon flame score rule,flame_score,flame_score_rules.csv,,220-249,pirate,weapon,,,,,,,,,,,,,,,,60,80,100,,,,,,,,,,,score = main_stat + all_stat%*10 + attack_or_magic*4 rough seed,draft_needs_team_review,source_supplemental_rule_0134,rule_file: flame_score_rules.csv job_group: pirate item_slot: weapon level_range: 220-249 minimum_score: 60 recommended_score: 80 high_score: 100 calculation_note: score = main_stat + all_stat%*10 + attack_or_magic*4 rough seed review_status: draft_needs_team_review review_status: draft_needs_team_review
equipment_rule_supplemental_rule_0135,pirate weapon flame score rule,flame_score,flame_score_rules.csv,,250-300,pirate,weapon,,,,,,,,,,,,,,,,80,100,120,,,,,,,,,,,score = main_stat + all_stat%*10 + attack_or_magic*4 rough seed,draft_needs_team_review,source_supplemental_rule_0135,rule_file: flame_score_rules.csv job_group: pirate item_slot: weapon level_range: 250-300 minimum_score: 80 recommended_score: 100 high_score: 120 calculation_note: score = main_stat + all_stat%*10 + attack_or_magic*4 rough seed review_status: draft_needs_team_review review_status: draft_needs_team_review
equipment_rule_supplemental_rule_0136,pirate armor flame score rule,flame_score,flame_score_rules.csv,,200-219,pirate,armor,,,,,,,,,,,,,,,,40,60,80,,,,,,,,,,,score = main_stat + all_stat%*10 + attack_or_magic*4 rough seed,draft_needs_team_review,source_supplemental_rule_0136,rule_file: flame_score_rules.csv job_group: pirate item_slot: armor level_range: 200-219 minimum_score: 40 recommended_score: 60 high_score: 80 calculation_note: score = main_stat + all_stat%*10 + attack_or_magic*4 rough seed review_status: draft_needs_team_review review_status: draft_needs_team_review
equipment_rule_supplemental_rule_0137,pirate armor flame score rule,flame_score,flame_score_rules.csv,,220-249,pirate,armor,,,,,,,,,,,,,,,,60,80,100,,,,,,,,,,,score = main_stat + all_stat%*10 + attack_or_magic*4 rough seed,draft_needs_team_review,source_supplemental_rule_0137,rule_file: flame_score_rules.csv job_group: pirate item_slot: armor level_range: 220-249 minimum_score: 60 recommended_score: 80 high_score: 100 calculation_note: score = main_stat + all_stat%*10 + attack_or_magic*4 rough seed review_status: draft_needs_team_review review_status: draft_needs_team_review
equipment_rule_supplemental_rule_0138,pirate armor flame score rule,flame_score,flame_score_rules.csv,,250-300,pirate,armor,,,,,,,,,,,,,,,,80,100,120,,,,,,,,,,,score = main_stat + all_stat%*10 + attack_or_magic*4 rough seed,draft_needs_team_review,source_supplemental_rule_0138,rule_file: flame_score_rules.csv job_group: pirate item_slot: armor level_range: 250-300 minimum_score: 80 recommended_score: 100 high_score: 120 calculation_note: score = main_stat + all_stat%*10 + attack_or_magic*4 rough seed review_status: draft_needs_team_review review_status: draft_needs_team_review
equipment_rule_supplemental_rule_0139,pirate accessory flame score rule,flame_score,flame_score_rules.csv,,200-219,pirate,accessory,,,,,,,,,,,,,,,,40,60,80,,,,,,,,,,,score = main_stat + all_stat%*10 + attack_or_magic*4 rough seed,draft_needs_team_review,source_supplemental_rule_0139,rule_file: flame_score_rules.csv job_group: pirate item_slot: accessory level_range: 200-219 minimum_score: 40 recommended_score: 60 high_score: 80 calculation_note: score = main_stat + all_stat%*10 + attack_or_magic*4 rough seed review_status: draft_needs_team_review review_status: draft_needs_team_review
equipment_rule_supplemental_rule_0140,pirate accessory flame score rule,flame_score,flame_score_rules.csv,,220-249,pirate,accessory,,,,,,,,,,,,,,,,60,80,100,,,,,,,,,,,score = main_stat + all_stat%*10 + attack_or_magic*4 rough seed,draft_needs_team_review,source_supplemental_rule_0140,rule_file: flame_score_rules.csv job_group: pirate item_slot: accessory level_range: 220-249 minimum_score: 60 recommended_score: 80 high_score: 100 calculation_note: score = main_stat + all_stat%*10 + attack_or_magic*4 rough seed review_status: draft_needs_team_review review_status: draft_needs_team_review
equipment_rule_supplemental_rule_0141,pirate accessory flame score rule,flame_score,flame_score_rules.csv,,250-300,pirate,accessory,,,,,,,,,,,,,,,,80,100,120,,,,,,,,,,,score = main_stat + all_stat%*10 + attack_or_magic*4 rough seed,draft_needs_team_review,source_supplemental_rule_0141,rule_file: flame_score_rules.csv job_group: pirate item_slot: accessory level_range: 250-300 minimum_score: 80 recommended_score: 100 high_score: 120 calculation_note: score = main_stat + all_stat%*10 + attack_or_magic*4 rough seed review_status: draft_needs_team_review review_status: draft_needs_team_review
equipment_rule_supplemental_rule_0142,xenon armor_or_accessory flame score rule,flame_score,flame_score_rules.csv,,200-300,xenon,armor_or_accessory,,,,,,,,,,,,,,,,50,80,110,,,,,,,,,,,xenon uses multi-stat valuation; team review required,draft_needs_team_review,source_supplemental_rule_0142,rule_file: flame_score_rules.csv job_group: xenon item_slot: armor_or_accessory level_range: 200-300 minimum_score: 50 recommended_score: 80 high_score: 110 calculation_note: xenon uses multi-stat valuation; team review required review_status: draft_needs_team_review review_status: draft_needs_team_review
equipment_rule_supplemental_rule_0143,demon_avenger armor_or_accessory flame score rule,flame_score,flame_score_rules.csv,,200-300,demon_avenger,armor_or_accessory,,,,,,,,,,,,,,,,50,80,110,,,,,,,,,,,demon avenger HP valuation differs; team review required,draft_needs_team_review,source_supplemental_rule_0143,rule_file: flame_score_rules.csv job_group: demon_avenger item_slot: armor_or_accessory level_range: 200-300 minimum_score: 50 recommended_score: 80 high_score: 110 calculation_note: demon avenger HP valuation differs; team review required review_status: draft_needs_team_review review_status: draft_needs_team_review
equipment_rule_supplemental_rule_0144,200-219 all starforce target,starforce,starforce_target_rules.csv,,200-219,,all,,,pensalir_or_boss_accessory,10,12,12,,,,,,,,,,,,,,,,,,,,,,"cheap baseline, do not overinvest if replacement is near",,draft_needs_team_review,source_supplemental_rule_0144,"rule_file: starforce_target_rules.csv level_range: 200-219 item_tier: pensalir_or_boss_accessory item_slot: all minimum_starforce: 10 recommended_starforce: 12 stop_point: 12 risk_note: cheap baseline, do not overinvest if replacement is near review_status: draft_needs_team_review review_status: draft_needs_team_review"
equipment_rule_supplemental_rule_0145,200-219 armor_or_weapon starforce target,starforce,starforce_target_rules.csv,,200-219,,armor_or_weapon,,,cra,12,15,15,,,,,,,,,,,,,,,,,,,,,,early CRA transition target,,draft_needs_team_review,source_supplemental_rule_0145,rule_file: starforce_target_rules.csv level_range: 200-219 item_tier: cra item_slot: armor_or_weapon minimum_starforce: 12 recommended_starforce: 15 stop_point: 15 risk_note: early CRA transition target review_status: draft_needs_team_review review_status: draft_needs_team_review
equipment_rule_supplemental_rule_0146,220-249 armor starforce target,starforce,starforce_target_rules.csv,,220-249,,armor,,,cra,15,17,17,,,,,,,,,,,,,,,,,,,,,,17 star is common midgame breakpoint,,draft_needs_team_review,source_supplemental_rule_0146,rule_file: starforce_target_rules.csv level_range: 220-249 item_tier: cra item_slot: armor minimum_starforce: 15 recommended_starforce: 17 stop_point: 17 risk_note: 17 star is common midgame breakpoint review_status: draft_needs_team_review review_status: draft_needs_team_review
equipment_rule_supplemental_rule_0147,220-249 weapon_or_armor starforce target,starforce,starforce_target_rules.csv,,220-249,,weapon_or_armor,,,absolab,15,17,17,,,,,,,,,,,,,,,,,,,,,,17 star baseline before hard boss attempts,,draft_needs_team_review,source_supplemental_rule_0147,rule_file: starforce_target_rules.csv level_range: 220-249 item_tier: absolab item_slot: weapon_or_armor minimum_starforce: 15 recommended_starforce: 17 stop_point: 17 risk_note: 17 star baseline before hard boss attempts review_status: draft_needs_team_review review_status: draft_needs_team_review
equipment_rule_supplemental_rule_0148,220-249 accessory starforce target,starforce,starforce_target_rules.csv,,220-249,,accessory,,,boss_accessory,10,17,17,,,,,,,,,,,,,,,,,,,,,,upgrade slots that will stay longer first,,draft_needs_team_review,source_supplemental_rule_0148,rule_file: starforce_target_rules.csv level_range: 220-249 item_tier: boss_accessory item_slot: accessory minimum_starforce: 10 recommended_starforce: 17 stop_point: 17 risk_note: upgrade slots that will stay longer first review_status: draft_needs_team_review review_status: draft_needs_team_review
equipment_rule_supplemental_rule_0149,250-269 weapon_or_armor starforce target,starforce,starforce_target_rules.csv,,250-269,,weapon_or_armor,,,absolab,17,18,18,,,,,,,,,,,,,,,,,,,,,,evaluate arcane transition before pushing high stars,,draft_needs_team_review,source_supplemental_rule_0149,rule_file: starforce_target_rules.csv level_range: 250-269 item_tier: absolab item_slot: weapon_or_armor minimum_starforce: 17 recommended_starforce: 18 stop_point: 18 risk_note: evaluate arcane transition before pushing high stars review_status: draft_needs_team_review review_status: draft_needs_team_review
equipment_rule_supplemental_rule_0150,250-269 weapon_or_armor starforce target,starforce,starforce_target_rules.csv,,250-269,,weapon_or_armor,,,arcane,15,17,17,,,,,,,,,,,,,,,,,,,,,,arcane 17 star baseline,,draft_needs_team_review,source_supplemental_rule_0150,rule_file: starforce_target_rules.csv level_range: 250-269 item_tier: arcane item_slot: weapon_or_armor minimum_starforce: 15 recommended_starforce: 17 stop_point: 17 risk_note: arcane 17 star baseline review_status: draft_needs_team_review review_status: draft_needs_team_review
equipment_rule_supplemental_rule_0151,270-300 weapon_or_armor starforce target,starforce,starforce_target_rules.csv,,270-300,,weapon_or_armor,,,arcane,17,22,22,,,,,,,,,,,,,,,,,,,,,,high cost endgame path; use event/backup planning,,draft_needs_team_review,source_supplemental_rule_0151,rule_file: starforce_target_rules.csv level_range: 270-300 item_tier: arcane item_slot: weapon_or_armor minimum_starforce: 17 recommended_starforce: 22 stop_point: 22 risk_note: high cost endgame path; use event/backup planning review_status: draft_needs_team_review review_status: draft_needs_team_review
equipment_rule_supplemental_rule_0152,270-300 accessory starforce target,starforce,starforce_target_rules.csv,,270-300,,accessory,,,pitched_or_dawn,17,22,22,,,,,,,,,,,,,,,,,,,,,,very high cost; validate replacement and set effect first,,draft_needs_team_review,source_supplemental_rule_0152,rule_file: starforce_target_rules.csv level_range: 270-300 item_tier: pitched_or_dawn item_slot: accessory minimum_starforce: 17 recommended_starforce: 22 stop_point: 22 risk_note: very high cost; validate replacement and set effect first review_status: draft_needs_team_review review_status: draft_needs_team_review
equipment_rule_supplemental_rule_0153,270-300 armor starforce target,starforce,starforce_target_rules.csv,,270-300,,armor,,,eternal,17,22,22,,,,,,,,,,,,,,,,,,,,,,endgame path requiring team review,,draft_needs_team_review,source_supplemental_rule_0153,rule_file: starforce_target_rules.csv level_range: 270-300 item_tier: eternal item_slot: armor minimum_starforce: 17 recommended_starforce: 22 stop_point: 22 risk_note: endgame path requiring team review review_status: draft_needs_team_review review_status: draft_needs_team_review
equipment_rule_supplemental_rule_0154,무기 equipment slot mapping,slot_mapping,api_equipment_slot_mapping.csv,,,,Y,,,,,,,,,,,,,,,,,,,,,,,무기,weapon,weapon,Y,attack_power_and_starforce_priority,"공격력/마력, 추가옵션, 잠재, 스타포스 우선 판단",,draft_needs_team_review,source_supplemental_rule_0154,"rule_file: api_equipment_slot_mapping.csv api_slot_name: 무기 standard_slot_name: weapon item_category: weapon is_core_slot: Y recommendation_use: attack_power_and_starforce_priority notes: 공격력/마력, 추가옵션, 잠재, 스타포스 우선 판단 review_status: draft_needs_team_review review_status: draft_needs_team_review"
equipment_rule_supplemental_rule_0155,보조무기 equipment slot mapping,slot_mapping,api_equipment_slot_mapping.csv,,,,Y,,,,,,,,,,,,,,,,,,,,,,,보조무기,secondary_weapon,weapon_secondary,Y,wse_potential_priority,보공/방무/공마 잠재 추천 핵심 슬롯,,draft_needs_team_review,source_supplemental_rule_0155,rule_file: api_equipment_slot_mapping.csv api_slot_name: 보조무기 standard_slot_name: secondary_weapon item_category: weapon_secondary is_core_slot: Y recommendation_use: wse_potential_priority notes: 보공/방무/공마 잠재 추천 핵심 슬롯 review_status: draft_needs_team_review review_status: draft_needs_team_review
equipment_rule_supplemental_rule_0156,엠블렘 equipment slot mapping,slot_mapping,api_equipment_slot_mapping.csv,,,,Y,,,,,,,,,,,,,,,,,,,,,,,엠블렘,emblem,emblem,Y,wse_potential_priority,방무/공마 잠재 추천 핵심 슬롯,,draft_needs_team_review,source_supplemental_rule_0156,rule_file: api_equipment_slot_mapping.csv api_slot_name: 엠블렘 standard_slot_name: emblem item_category: emblem is_core_slot: Y recommendation_use: wse_potential_priority notes: 방무/공마 잠재 추천 핵심 슬롯 review_status: draft_needs_team_review review_status: draft_needs_team_review
equipment_rule_supplemental_rule_0157,모자 equipment slot mapping,slot_mapping,api_equipment_slot_mapping.csv,,,,Y,,,,,,,,,,,,,,,,,,,,,,,모자,hat,armor,Y,set_and_starforce_priority,"세트효과, 스타포스, 주스탯 잠재 판단",,draft_needs_team_review,source_supplemental_rule_0157,"rule_file: api_equipment_slot_mapping.csv api_slot_name: 모자 standard_slot_name: hat item_category: armor is_core_slot: Y recommendation_use: set_and_starforce_priority notes: 세트효과, 스타포스, 주스탯 잠재 판단 review_status: draft_needs_team_review review_status: draft_needs_team_review"
equipment_rule_supplemental_rule_0158,상의 equipment slot mapping,slot_mapping,api_equipment_slot_mapping.csv,,,,Y,,,,,,,,,,,,,,,,,,,,,,,상의,top,armor,Y,set_and_starforce_priority,카루타/앱솔/아케인 전환 판단,,draft_needs_team_review,source_supplemental_rule_0158,rule_file: api_equipment_slot_mapping.csv api_slot_name: 상의 standard_slot_name: top item_category: armor is_core_slot: Y recommendation_use: set_and_starforce_priority notes: 카루타/앱솔/아케인 전환 판단 review_status: draft_needs_team_review review_status: draft_needs_team_review
equipment_rule_supplemental_rule_0159,하의 equipment slot mapping,slot_mapping,api_equipment_slot_mapping.csv,,,,Y,,,,,,,,,,,,,,,,,,,,,,,하의,bottom,armor,Y,set_and_starforce_priority,카루타/앱솔/아케인 전환 판단,,draft_needs_team_review,source_supplemental_rule_0159,rule_file: api_equipment_slot_mapping.csv api_slot_name: 하의 standard_slot_name: bottom item_category: armor is_core_slot: Y recommendation_use: set_and_starforce_priority notes: 카루타/앱솔/아케인 전환 판단 review_status: draft_needs_team_review review_status: draft_needs_team_review
equipment_rule_supplemental_rule_0160,한벌옷 equipment slot mapping,slot_mapping,api_equipment_slot_mapping.csv,,,,Y,,,,,,,,,,,,,,,,,,,,,,,한벌옷,overall,armor,Y,set_and_starforce_priority,직업/세트에 따라 상하의 대체 슬롯,,draft_needs_team_review,source_supplemental_rule_0160,rule_file: api_equipment_slot_mapping.csv api_slot_name: 한벌옷 standard_slot_name: overall item_category: armor is_core_slot: Y recommendation_use: set_and_starforce_priority notes: 직업/세트에 따라 상하의 대체 슬롯 review_status: draft_needs_team_review review_status: draft_needs_team_review
equipment_rule_supplemental_rule_0161,장갑 equipment slot mapping,slot_mapping,api_equipment_slot_mapping.csv,,,,Y,,,,,,,,,,,,,,,,,,,,,,,장갑,gloves,armor,Y,critical_damage_priority,크리티컬 데미지 잠재 우선 판단,,draft_needs_team_review,source_supplemental_rule_0161,rule_file: api_equipment_slot_mapping.csv api_slot_name: 장갑 standard_slot_name: gloves item_category: armor is_core_slot: Y recommendation_use: critical_damage_priority notes: 크리티컬 데미지 잠재 우선 판단 review_status: draft_needs_team_review review_status: draft_needs_team_review
equipment_rule_supplemental_rule_0162,신발 equipment slot mapping,slot_mapping,api_equipment_slot_mapping.csv,,,,Y,,,,,,,,,,,,,,,,,,,,,,,신발,shoes,armor,Y,set_and_starforce_priority,"세트효과, 스타포스 판단",,draft_needs_team_review,source_supplemental_rule_0162,"rule_file: api_equipment_slot_mapping.csv api_slot_name: 신발 standard_slot_name: shoes item_category: armor is_core_slot: Y recommendation_use: set_and_starforce_priority notes: 세트효과, 스타포스 판단 review_status: draft_needs_team_review review_status: draft_needs_team_review"
equipment_rule_supplemental_rule_0163,망토 equipment slot mapping,slot_mapping,api_equipment_slot_mapping.csv,,,,Y,,,,,,,,,,,,,,,,,,,,,,,망토,cape,armor,Y,set_and_starforce_priority,앱솔/아케인 전환 판단,,draft_needs_team_review,source_supplemental_rule_0163,rule_file: api_equipment_slot_mapping.csv api_slot_name: 망토 standard_slot_name: cape item_category: armor is_core_slot: Y recommendation_use: set_and_starforce_priority notes: 앱솔/아케인 전환 판단 review_status: draft_needs_team_review review_status: draft_needs_team_review
equipment_rule_supplemental_rule_0164,벨트 equipment slot mapping,slot_mapping,api_equipment_slot_mapping.csv,,,,Y,,,,,,,,,,,,,,,,,,,,,,,벨트,belt,accessory,Y,boss_accessory_transition,보스장신구/칠흑 전환 판단,,draft_needs_team_review,source_supplemental_rule_0164,rule_file: api_equipment_slot_mapping.csv api_slot_name: 벨트 standard_slot_name: belt item_category: accessory is_core_slot: Y recommendation_use: boss_accessory_transition notes: 보스장신구/칠흑 전환 판단 review_status: draft_needs_team_review review_status: draft_needs_team_review
equipment_rule_supplemental_rule_0165,어깨장식 equipment slot mapping,slot_mapping,api_equipment_slot_mapping.csv,,,,Y,,,,,,,,,,,,,,,,,,,,,,,어깨장식,shoulder,accessory,Y,set_transition,보스/앱솔/아케인 세트 전환 판단,,draft_needs_team_review,source_supplemental_rule_0165,rule_file: api_equipment_slot_mapping.csv api_slot_name: 어깨장식 standard_slot_name: shoulder item_category: accessory is_core_slot: Y recommendation_use: set_transition notes: 보스/앱솔/아케인 세트 전환 판단 review_status: draft_needs_team_review review_status: draft_needs_team_review
equipment_rule_supplemental_rule_0166,얼굴장식 equipment slot mapping,slot_mapping,api_equipment_slot_mapping.csv,,,,Y,,,,,,,,,,,,,,,,,,,,,,,얼굴장식,face_accessory,accessory,Y,boss_accessory_priority,보스장신구 세트와 추옵 판단,,draft_needs_team_review,source_supplemental_rule_0166,rule_file: api_equipment_slot_mapping.csv api_slot_name: 얼굴장식 standard_slot_name: face_accessory item_category: accessory is_core_slot: Y recommendation_use: boss_accessory_priority notes: 보스장신구 세트와 추옵 판단 review_status: draft_needs_team_review review_status: draft_needs_team_review
equipment_rule_supplemental_rule_0167,눈장식 equipment slot mapping,slot_mapping,api_equipment_slot_mapping.csv,,,,Y,,,,,,,,,,,,,,,,,,,,,,,눈장식,eye_accessory,accessory,Y,boss_accessory_priority,아쿠아틱/블랙빈마크/파풀마 전환 판단,,draft_needs_team_review,source_supplemental_rule_0167,rule_file: api_equipment_slot_mapping.csv api_slot_name: 눈장식 standard_slot_name: eye_accessory item_category: accessory is_core_slot: Y recommendation_use: boss_accessory_priority notes: 아쿠아틱/블랙빈마크/파풀마 전환 판단 review_status: draft_needs_team_review review_status: draft_needs_team_review
equipment_rule_supplemental_rule_0168,귀고리 equipment slot mapping,slot_mapping,api_equipment_slot_mapping.csv,,,,Y,,,,,,,,,,,,,,,,,,,,,,,귀고리,earrings,accessory,Y,boss_accessory_priority,데아/마이스터/에스텔라 전환 판단,,draft_needs_team_review,source_supplemental_rule_0168,rule_file: api_equipment_slot_mapping.csv api_slot_name: 귀고리 standard_slot_name: earrings item_category: accessory is_core_slot: Y recommendation_use: boss_accessory_priority notes: 데아/마이스터/에스텔라 전환 판단 review_status: draft_needs_team_review review_status: draft_needs_team_review
equipment_rule_supplemental_rule_0169,반지1 equipment slot mapping,slot_mapping,api_equipment_slot_mapping.csv,,,,Y,,,,,,,,,,,,,,,,,,,,,,,반지1,ring_1,accessory,Y,ring_priority,이벤트링/보스링/시드링 판단,,draft_needs_team_review,source_supplemental_rule_0169,rule_file: api_equipment_slot_mapping.csv api_slot_name: 반지1 standard_slot_name: ring_1 item_category: accessory is_core_slot: Y recommendation_use: ring_priority notes: 이벤트링/보스링/시드링 판단 review_status: draft_needs_team_review review_status: draft_needs_team_review
equipment_rule_supplemental_rule_0170,반지2 equipment slot mapping,slot_mapping,api_equipment_slot_mapping.csv,,,,Y,,,,,,,,,,,,,,,,,,,,,,,반지2,ring_2,accessory,Y,ring_priority,이벤트링/보스링/시드링 판단,,draft_needs_team_review,source_supplemental_rule_0170,rule_file: api_equipment_slot_mapping.csv api_slot_name: 반지2 standard_slot_name: ring_2 item_category: accessory is_core_slot: Y recommendation_use: ring_priority notes: 이벤트링/보스링/시드링 판단 review_status: draft_needs_team_review review_status: draft_needs_team_review
equipment_rule_supplemental_rule_0171,반지3 equipment slot mapping,slot_mapping,api_equipment_slot_mapping.csv,,,,Y,,,,,,,,,,,,,,,,,,,,,,,반지3,ring_3,accessory,Y,ring_priority,이벤트링/보스링/시드링 판단,,draft_needs_team_review,source_supplemental_rule_0171,rule_file: api_equipment_slot_mapping.csv api_slot_name: 반지3 standard_slot_name: ring_3 item_category: accessory is_core_slot: Y recommendation_use: ring_priority notes: 이벤트링/보스링/시드링 판단 review_status: draft_needs_team_review review_status: draft_needs_team_review
equipment_rule_supplemental_rule_0172,반지4 equipment slot mapping,slot_mapping,api_equipment_slot_mapping.csv,,,,Y,,,,,,,,,,,,,,,,,,,,,,,반지4,ring_4,accessory,Y,ring_priority,이벤트링/보스링/시드링 판단,,draft_needs_team_review,source_supplemental_rule_0172,rule_file: api_equipment_slot_mapping.csv api_slot_name: 반지4 standard_slot_name: ring_4 item_category: accessory is_core_slot: Y recommendation_use: ring_priority notes: 이벤트링/보스링/시드링 판단 review_status: draft_needs_team_review review_status: draft_needs_team_review
equipment_rule_supplemental_rule_0173,펜던트 equipment slot mapping,slot_mapping,api_equipment_slot_mapping.csv,,,,Y,,,,,,,,,,,,,,,,,,,,,,,펜던트,pendant_1,accessory,Y,pendant_priority,도미네이터/데이브레이크 전환 판단,,draft_needs_team_review,source_supplemental_rule_0173,rule_file: api_equipment_slot_mapping.csv api_slot_name: 펜던트 standard_slot_name: pendant_1 item_category: accessory is_core_slot: Y recommendation_use: pendant_priority notes: 도미네이터/데이브레이크 전환 판단 review_status: draft_needs_team_review review_status: draft_needs_team_review
equipment_rule_supplemental_rule_0174,펜던트2 equipment slot mapping,slot_mapping,api_equipment_slot_mapping.csv,,,,Y,,,,,,,,,,,,,,,,,,,,,,,펜던트2,pendant_2,accessory,Y,pendant_priority,추가 펜던트 슬롯 판단,,draft_needs_team_review,source_supplemental_rule_0174,rule_file: api_equipment_slot_mapping.csv api_slot_name: 펜던트2 standard_slot_name: pendant_2 item_category: accessory is_core_slot: Y recommendation_use: pendant_priority notes: 추가 펜던트 슬롯 판단 review_status: draft_needs_team_review review_status: draft_needs_team_review
equipment_rule_supplemental_rule_0175,포켓 아이템 equipment slot mapping,slot_mapping,api_equipment_slot_mapping.csv,,,,N,,,,,,,,,,,,,,,,,,,,,,,포켓 아이템,pocket,accessory,N,minor_stat_check,핑크빛 성배 등 보조 성장 판단,,draft_needs_team_review,source_supplemental_rule_0175,rule_file: api_equipment_slot_mapping.csv api_slot_name: 포켓 아이템 standard_slot_name: pocket item_category: accessory is_core_slot: N recommendation_use: minor_stat_check notes: 핑크빛 성배 등 보조 성장 판단 review_status: draft_needs_team_review review_status: draft_needs_team_review
equipment_rule_supplemental_rule_0176,뱃지 equipment slot mapping,slot_mapping,api_equipment_slot_mapping.csv,,,,N,,,,,,,,,,,,,,,,,,,,,,,뱃지,badge,accessory,N,minor_stat_check,획득 가능성과 교체 난이도 분리 필요,,draft_needs_team_review,source_supplemental_rule_0176,rule_file: api_equipment_slot_mapping.csv api_slot_name: 뱃지 standard_slot_name: badge item_category: accessory is_core_slot: N recommendation_use: minor_stat_check notes: 획득 가능성과 교체 난이도 분리 필요 review_status: draft_needs_team_review review_status: draft_needs_team_review
equipment_rule_supplemental_rule_0177,훈장 equipment slot mapping,slot_mapping,api_equipment_slot_mapping.csv,,,,N,,,,,,,,,,,,,,,,,,,,,,,훈장,medal,title_medal,N,minor_stat_check,기간제/이벤트 여부 분리 필요,,draft_needs_team_review,source_supplemental_rule_0177,rule_file: api_equipment_slot_mapping.csv api_slot_name: 훈장 standard_slot_name: medal item_category: title_medal is_core_slot: N recommendation_use: minor_stat_check notes: 기간제/이벤트 여부 분리 필요 review_status: draft_needs_team_review review_status: draft_needs_team_review
equipment_rule_supplemental_rule_0178,기계 심장 equipment slot mapping,slot_mapping,api_equipment_slot_mapping.csv,,,,Y,,,,,,,,,,,,,,,,,,,,,,,기계 심장,mechanical_heart,heart,Y,starforce_and_potential_check,안드로이드 하트 잠재/스타포스 판단,,draft_needs_team_review,source_supplemental_rule_0178,rule_file: api_equipment_slot_mapping.csv api_slot_name: 기계 심장 standard_slot_name: mechanical_heart item_category: heart is_core_slot: Y recommendation_use: starforce_and_potential_check notes: 안드로이드 하트 잠재/스타포스 판단 review_status: draft_needs_team_review review_status: draft_needs_team_review
equipment_rule_supplemental_rule_0179,안드로이드 equipment slot mapping,slot_mapping,api_equipment_slot_mapping.csv,,,,N,,,,,,,,,,,,,,,,,,,,,,,안드로이드,android,android,N,metadata_only,장비 성장 추천에서는 보조 정보로만 사용,,draft_needs_team_review,source_supplemental_rule_0179,rule_file: api_equipment_slot_mapping.csv api_slot_name: 안드로이드 standard_slot_name: android item_category: android is_core_slot: N recommendation_use: metadata_only notes: 장비 성장 추천에서는 보조 정보로만 사용 review_status: draft_needs_team_review review_status: draft_needs_team_review
