job_id,name,job_group,main_stat,description
job_2c13e8024f3eb49d8d39,아델,전사,STR,레프 계열 전사
job_b8ba33fb188026840a2d,히어로,전사,STR,모험가 전사
job_9a6397b55c5d5ed9cb60,팔라딘,전사,STR,모험가 전사
job_69b011ad64a31ee5da74,다크나이트,전사,STR,모험가 전사
job_e29bbbb456fec6e62b29,섀도어,도적,LUK,모험가 도적
job_9f2f6309582494b0e3f2,나이트로드,도적,LUK,모험가 도적
job_c353b5c308f5c10415d3,듀얼블레이드,도적,LUK,모험가 도적
job_96101ae9071d052bbee3,카데나,도적,LUK,노바 계열 도적
job_08ce324166d7e257d366,메르세데스,궁수,DEX,영웅 계열 궁수
job_4a80083930839e418161,보우마스터,궁수,DEX,모험가 궁수
job_29aaa5f6799224828bca,패스파인더,궁수,DEX,모험가 궁수
job_2a2a234c1c269e9bca10,메카닉,해적,DEX,레지스탕스 해적
job_cf1c0586154417d98d1b,캡틴,해적,DEX,모험가 해적
job_b7a6ef28998f5afebacc,키네시스,마법사,INT,프렌즈 월드 마법사
job_f248d4515d76900ffb9d,비숍,마법사,INT,모험가 마법사
job_bfee20045098c8019160,"아크메이지(불,독)",마법사,INT,모험가 마법사
job_7ad68a5e2d28fca36ed0,은월,해적,STR,영웅 계열 해적
job_833f23e04ff780422eaf,"아크메이지(썬,콜)",mage,,"dataset_type: class_5th_core_priority class_name: 아크메이지(썬,콜) job_group: mage priority_1: 직업 고유 5차 스킬 노드는 보스/사냥에서 실제 사용 빈도가 높은 스킬부터 강화 priority_2: 강화 코어는 주력 보스 딜링기와 주력 사냥기를 우선 포함하는 유효 코어 조합을 목표로 함 priority_3: 공용 코어는 쓸만한 홀리 심볼, 에르다 노바, 에르다 샤워/파운틴, 로프 커넥트 등 목적별로 선택 implementation_note: API 연동 전에는 사용자가..."
job_92e4b9f0c2a0147726f1,신궁,archer,,"dataset_type: class_5th_core_priority class_name: 신궁 job_group: archer priority_1: 직업 고유 5차 스킬 노드는 보스/사냥에서 실제 사용 빈도가 높은 스킬부터 강화 priority_2: 강화 코어는 주력 보스 딜링기와 주력 사냥기를 우선 포함하는 유효 코어 조합을 목표로 함 priority_3: 공용 코어는 쓸만한 홀리 심볼, 에르다 노바, 에르다 샤워/파운틴, 로프 커넥트 등 목적별로 선택 implementation_note: API 연동 전에는 사용자가 현재 보유..."
job_ef31bfc99c5b25467ba8,바이퍼,pirate_hybrid,,"dataset_type: class_5th_core_priority class_name: 바이퍼 job_group: pirate_hybrid priority_1: 직업 고유 5차 스킬 노드는 보스/사냥에서 실제 사용 빈도가 높은 스킬부터 강화 priority_2: 강화 코어는 주력 보스 딜링기와 주력 사냥기를 우선 포함하는 유효 코어 조합을 목표로 함 priority_3: 공용 코어는 쓸만한 홀리 심볼, 에르다 노바, 에르다 샤워/파운틴, 로프 커넥트 등 목적별로 선택 implementation_note: API 연동 전에는 사용자..."
job_884393186582ea513021,캐논슈터,pirate_hybrid,,"dataset_type: class_5th_core_priority class_name: 캐논슈터 job_group: pirate_hybrid priority_1: 직업 고유 5차 스킬 노드는 보스/사냥에서 실제 사용 빈도가 높은 스킬부터 강화 priority_2: 강화 코어는 주력 보스 딜링기와 주력 사냥기를 우선 포함하는 유효 코어 조합을 목표로 함 priority_3: 공용 코어는 쓸만한 홀리 심볼, 에르다 노바, 에르다 샤워/파운틴, 로프 커넥트 등 목적별로 선택 implementation_note: API 연동 전에는 사용..."
job_ba64e4e296adabe27c2e,소울마스터,warrior,,"dataset_type: class_5th_core_priority class_name: 소울마스터 job_group: warrior priority_1: 직업 고유 5차 스킬 노드는 보스/사냥에서 실제 사용 빈도가 높은 스킬부터 강화 priority_2: 강화 코어는 주력 보스 딜링기와 주력 사냥기를 우선 포함하는 유효 코어 조합을 목표로 함 priority_3: 공용 코어는 쓸만한 홀리 심볼, 에르다 노바, 에르다 샤워/파운틴, 로프 커넥트 등 목적별로 선택 implementation_note: API 연동 전에는 사용자가 현재..."
job_06dd3ccdfa4ec58797a7,미하일,warrior,,"dataset_type: class_5th_core_priority class_name: 미하일 job_group: warrior priority_1: 직업 고유 5차 스킬 노드는 보스/사냥에서 실제 사용 빈도가 높은 스킬부터 강화 priority_2: 강화 코어는 주력 보스 딜링기와 주력 사냥기를 우선 포함하는 유효 코어 조합을 목표로 함 priority_3: 공용 코어는 쓸만한 홀리 심볼, 에르다 노바, 에르다 샤워/파운틴, 로프 커넥트 등 목적별로 선택 implementation_note: API 연동 전에는 사용자가 현재 보..."
job_fc115291f69f99b8934c,플레임위자드,mage,,"dataset_type: class_5th_core_priority class_name: 플레임위자드 job_group: mage priority_1: 직업 고유 5차 스킬 노드는 보스/사냥에서 실제 사용 빈도가 높은 스킬부터 강화 priority_2: 강화 코어는 주력 보스 딜링기와 주력 사냥기를 우선 포함하는 유효 코어 조합을 목표로 함 priority_3: 공용 코어는 쓸만한 홀리 심볼, 에르다 노바, 에르다 샤워/파운틴, 로프 커넥트 등 목적별로 선택 implementation_note: API 연동 전에는 사용자가 현재 보..."
job_a71c84366b18a5590c75,윈드브레이커,archer,,"dataset_type: class_5th_core_priority class_name: 윈드브레이커 job_group: archer priority_1: 직업 고유 5차 스킬 노드는 보스/사냥에서 실제 사용 빈도가 높은 스킬부터 강화 priority_2: 강화 코어는 주력 보스 딜링기와 주력 사냥기를 우선 포함하는 유효 코어 조합을 목표로 함 priority_3: 공용 코어는 쓸만한 홀리 심볼, 에르다 노바, 에르다 샤워/파운틴, 로프 커넥트 등 목적별로 선택 implementation_note: API 연동 전에는 사용자가 현재..."
job_bb423236837c7086c091,나이트워커,thief,,"dataset_type: class_5th_core_priority class_name: 나이트워커 job_group: thief priority_1: 직업 고유 5차 스킬 노드는 보스/사냥에서 실제 사용 빈도가 높은 스킬부터 강화 priority_2: 강화 코어는 주력 보스 딜링기와 주력 사냥기를 우선 포함하는 유효 코어 조합을 목표로 함 priority_3: 공용 코어는 쓸만한 홀리 심볼, 에르다 노바, 에르다 샤워/파운틴, 로프 커넥트 등 목적별로 선택 implementation_note: API 연동 전에는 사용자가 현재 보..."
job_ec6293a7dc7906ec6639,스트라이커,pirate_hybrid,,"dataset_type: class_5th_core_priority class_name: 스트라이커 job_group: pirate_hybrid priority_1: 직업 고유 5차 스킬 노드는 보스/사냥에서 실제 사용 빈도가 높은 스킬부터 강화 priority_2: 강화 코어는 주력 보스 딜링기와 주력 사냥기를 우선 포함하는 유효 코어 조합을 목표로 함 priority_3: 공용 코어는 쓸만한 홀리 심볼, 에르다 노바, 에르다 샤워/파운틴, 로프 커넥트 등 목적별로 선택 implementation_note: API 연동 전에는 사..."
job_f8f20f8c4ca9e243acc8,아란,warrior,,"dataset_type: class_5th_core_priority class_name: 아란 job_group: warrior priority_1: 직업 고유 5차 스킬 노드는 보스/사냥에서 실제 사용 빈도가 높은 스킬부터 강화 priority_2: 강화 코어는 주력 보스 딜링기와 주력 사냥기를 우선 포함하는 유효 코어 조합을 목표로 함 priority_3: 공용 코어는 쓸만한 홀리 심볼, 에르다 노바, 에르다 샤워/파운틴, 로프 커넥트 등 목적별로 선택 implementation_note: API 연동 전에는 사용자가 현재 보유..."
job_25bbc10975063565ffd1,에반,mage,,"dataset_type: class_5th_core_priority class_name: 에반 job_group: mage priority_1: 직업 고유 5차 스킬 노드는 보스/사냥에서 실제 사용 빈도가 높은 스킬부터 강화 priority_2: 강화 코어는 주력 보스 딜링기와 주력 사냥기를 우선 포함하는 유효 코어 조합을 목표로 함 priority_3: 공용 코어는 쓸만한 홀리 심볼, 에르다 노바, 에르다 샤워/파운틴, 로프 커넥트 등 목적별로 선택 implementation_note: API 연동 전에는 사용자가 현재 보유 코어..."
job_bfc4a5e4b5e2a887e6fc,루미너스,mage,,"dataset_type: class_5th_core_priority class_name: 루미너스 job_group: mage priority_1: 직업 고유 5차 스킬 노드는 보스/사냥에서 실제 사용 빈도가 높은 스킬부터 강화 priority_2: 강화 코어는 주력 보스 딜링기와 주력 사냥기를 우선 포함하는 유효 코어 조합을 목표로 함 priority_3: 공용 코어는 쓸만한 홀리 심볼, 에르다 노바, 에르다 샤워/파운틴, 로프 커넥트 등 목적별로 선택 implementation_note: API 연동 전에는 사용자가 현재 보유..."
job_c1537c30d5b42968a028,팬텀,thief,,"dataset_type: class_5th_core_priority class_name: 팬텀 job_group: thief priority_1: 직업 고유 5차 스킬 노드는 보스/사냥에서 실제 사용 빈도가 높은 스킬부터 강화 priority_2: 강화 코어는 주력 보스 딜링기와 주력 사냥기를 우선 포함하는 유효 코어 조합을 목표로 함 priority_3: 공용 코어는 쓸만한 홀리 심볼, 에르다 노바, 에르다 샤워/파운틴, 로프 커넥트 등 목적별로 선택 implementation_note: API 연동 전에는 사용자가 현재 보유 코..."
job_810c8aec32fae793c328,블래스터,warrior,,"dataset_type: class_5th_core_priority class_name: 블래스터 job_group: warrior priority_1: 직업 고유 5차 스킬 노드는 보스/사냥에서 실제 사용 빈도가 높은 스킬부터 강화 priority_2: 강화 코어는 주력 보스 딜링기와 주력 사냥기를 우선 포함하는 유효 코어 조합을 목표로 함 priority_3: 공용 코어는 쓸만한 홀리 심볼, 에르다 노바, 에르다 샤워/파운틴, 로프 커넥트 등 목적별로 선택 implementation_note: API 연동 전에는 사용자가 현재..."
job_43e794111856c2e754b7,배틀메이지,mage,,"dataset_type: class_5th_core_priority class_name: 배틀메이지 job_group: mage priority_1: 직업 고유 5차 스킬 노드는 보스/사냥에서 실제 사용 빈도가 높은 스킬부터 강화 priority_2: 강화 코어는 주력 보스 딜링기와 주력 사냥기를 우선 포함하는 유효 코어 조합을 목표로 함 priority_3: 공용 코어는 쓸만한 홀리 심볼, 에르다 노바, 에르다 샤워/파운틴, 로프 커넥트 등 목적별로 선택 implementation_note: API 연동 전에는 사용자가 현재 보유..."
job_e88635f703f665dde84c,와일드헌터,archer,,"dataset_type: class_5th_core_priority class_name: 와일드헌터 job_group: archer priority_1: 직업 고유 5차 스킬 노드는 보스/사냥에서 실제 사용 빈도가 높은 스킬부터 강화 priority_2: 강화 코어는 주력 보스 딜링기와 주력 사냥기를 우선 포함하는 유효 코어 조합을 목표로 함 priority_3: 공용 코어는 쓸만한 홀리 심볼, 에르다 노바, 에르다 샤워/파운틴, 로프 커넥트 등 목적별로 선택 implementation_note: API 연동 전에는 사용자가 현재..."
job_9889ae6dd4b10665be4a,제논,pirate_hybrid,,"dataset_type: class_5th_core_priority class_name: 제논 job_group: pirate_hybrid priority_1: 직업 고유 5차 스킬 노드는 보스/사냥에서 실제 사용 빈도가 높은 스킬부터 강화 priority_2: 강화 코어는 주력 보스 딜링기와 주력 사냥기를 우선 포함하는 유효 코어 조합을 목표로 함 priority_3: 공용 코어는 쓸만한 홀리 심볼, 에르다 노바, 에르다 샤워/파운틴, 로프 커넥트 등 목적별로 선택 implementation_note: API 연동 전에는 사용자가..."
job_9f583f39ca9fb707628b,데몬슬레이어,warrior,,"dataset_type: class_5th_core_priority class_name: 데몬슬레이어 job_group: warrior priority_1: 직업 고유 5차 스킬 노드는 보스/사냥에서 실제 사용 빈도가 높은 스킬부터 강화 priority_2: 강화 코어는 주력 보스 딜링기와 주력 사냥기를 우선 포함하는 유효 코어 조합을 목표로 함 priority_3: 공용 코어는 쓸만한 홀리 심볼, 에르다 노바, 에르다 샤워/파운틴, 로프 커넥트 등 목적별로 선택 implementation_note: API 연동 전에는 사용자가 현..."
job_c4f9a85b8b8784c36610,데몬어벤져,warrior,,"dataset_type: class_5th_core_priority class_name: 데몬어벤져 job_group: warrior priority_1: 직업 고유 5차 스킬 노드는 보스/사냥에서 실제 사용 빈도가 높은 스킬부터 강화 priority_2: 강화 코어는 주력 보스 딜링기와 주력 사냥기를 우선 포함하는 유효 코어 조합을 목표로 함 priority_3: 공용 코어는 쓸만한 홀리 심볼, 에르다 노바, 에르다 샤워/파운틴, 로프 커넥트 등 목적별로 선택 implementation_note: API 연동 전에는 사용자가 현재..."
job_3042b5b78b5dcd4919dd,카이저,warrior,,"dataset_type: class_5th_core_priority class_name: 카이저 job_group: warrior priority_1: 직업 고유 5차 스킬 노드는 보스/사냥에서 실제 사용 빈도가 높은 스킬부터 강화 priority_2: 강화 코어는 주력 보스 딜링기와 주력 사냥기를 우선 포함하는 유효 코어 조합을 목표로 함 priority_3: 공용 코어는 쓸만한 홀리 심볼, 에르다 노바, 에르다 샤워/파운틴, 로프 커넥트 등 목적별로 선택 implementation_note: API 연동 전에는 사용자가 현재 보..."
job_0cb6f617bef4160018b9,카인,archer,,"dataset_type: class_5th_core_priority class_name: 카인 job_group: archer priority_1: 직업 고유 5차 스킬 노드는 보스/사냥에서 실제 사용 빈도가 높은 스킬부터 강화 priority_2: 강화 코어는 주력 보스 딜링기와 주력 사냥기를 우선 포함하는 유효 코어 조합을 목표로 함 priority_3: 공용 코어는 쓸만한 홀리 심볼, 에르다 노바, 에르다 샤워/파운틴, 로프 커넥트 등 목적별로 선택 implementation_note: API 연동 전에는 사용자가 현재 보유..."
job_28674f84a14f0b63e8e0,엔젤릭버스터,pirate_hybrid,,"dataset_type: class_5th_core_priority class_name: 엔젤릭버스터 job_group: pirate_hybrid priority_1: 직업 고유 5차 스킬 노드는 보스/사냥에서 실제 사용 빈도가 높은 스킬부터 강화 priority_2: 강화 코어는 주력 보스 딜링기와 주력 사냥기를 우선 포함하는 유효 코어 조합을 목표로 함 priority_3: 공용 코어는 쓸만한 홀리 심볼, 에르다 노바, 에르다 샤워/파운틴, 로프 커넥트 등 목적별로 선택 implementation_note: API 연동 전에는..."
job_93960ffbb842b1a73d2a,일리움,mage,,"dataset_type: class_5th_core_priority class_name: 일리움 job_group: mage priority_1: 직업 고유 5차 스킬 노드는 보스/사냥에서 실제 사용 빈도가 높은 스킬부터 강화 priority_2: 강화 코어는 주력 보스 딜링기와 주력 사냥기를 우선 포함하는 유효 코어 조합을 목표로 함 priority_3: 공용 코어는 쓸만한 홀리 심볼, 에르다 노바, 에르다 샤워/파운틴, 로프 커넥트 등 목적별로 선택 implementation_note: API 연동 전에는 사용자가 현재 보유 코..."
job_58afce38c0f335210878,칼리,thief,,"dataset_type: class_5th_core_priority class_name: 칼리 job_group: thief priority_1: 직업 고유 5차 스킬 노드는 보스/사냥에서 실제 사용 빈도가 높은 스킬부터 강화 priority_2: 강화 코어는 주력 보스 딜링기와 주력 사냥기를 우선 포함하는 유효 코어 조합을 목표로 함 priority_3: 공용 코어는 쓸만한 홀리 심볼, 에르다 노바, 에르다 샤워/파운틴, 로프 커넥트 등 목적별로 선택 implementation_note: API 연동 전에는 사용자가 현재 보유 코..."
job_ecf5c4807515bdaed946,아크,pirate_hybrid,,"dataset_type: class_5th_core_priority class_name: 아크 job_group: pirate_hybrid priority_1: 직업 고유 5차 스킬 노드는 보스/사냥에서 실제 사용 빈도가 높은 스킬부터 강화 priority_2: 강화 코어는 주력 보스 딜링기와 주력 사냥기를 우선 포함하는 유효 코어 조합을 목표로 함 priority_3: 공용 코어는 쓸만한 홀리 심볼, 에르다 노바, 에르다 샤워/파운틴, 로프 커넥트 등 목적별로 선택 implementation_note: API 연동 전에는 사용자가..."
job_5929b4efc51b7b2cdcf0,라라,mage,,"dataset_type: class_5th_core_priority class_name: 라라 job_group: mage priority_1: 직업 고유 5차 스킬 노드는 보스/사냥에서 실제 사용 빈도가 높은 스킬부터 강화 priority_2: 강화 코어는 주력 보스 딜링기와 주력 사냥기를 우선 포함하는 유효 코어 조합을 목표로 함 priority_3: 공용 코어는 쓸만한 홀리 심볼, 에르다 노바, 에르다 샤워/파운틴, 로프 커넥트 등 목적별로 선택 implementation_note: API 연동 전에는 사용자가 현재 보유 코어..."
job_9ac769fb74aaf622f27f,호영,thief,,"dataset_type: class_5th_core_priority class_name: 호영 job_group: thief priority_1: 직업 고유 5차 스킬 노드는 보스/사냥에서 실제 사용 빈도가 높은 스킬부터 강화 priority_2: 강화 코어는 주력 보스 딜링기와 주력 사냥기를 우선 포함하는 유효 코어 조합을 목표로 함 priority_3: 공용 코어는 쓸만한 홀리 심볼, 에르다 노바, 에르다 샤워/파운틴, 로프 커넥트 등 목적별로 선택 implementation_note: API 연동 전에는 사용자가 현재 보유 코..."
job_13465a8db1553d9b35ce,제로,warrior,,"dataset_type: class_5th_core_priority class_name: 제로 job_group: warrior priority_1: 직업 고유 5차 스킬 노드는 보스/사냥에서 실제 사용 빈도가 높은 스킬부터 강화 priority_2: 강화 코어는 주력 보스 딜링기와 주력 사냥기를 우선 포함하는 유효 코어 조합을 목표로 함 priority_3: 공용 코어는 쓸만한 홀리 심볼, 에르다 노바, 에르다 샤워/파운틴, 로프 커넥트 등 목적별로 선택 implementation_note: API 연동 전에는 사용자가 현재 보유..."
job_d71218ddcb1ae92496c9,린,mage,,"dataset_type: class_5th_core_priority class_name: 린 job_group: mage priority_1: 직업 고유 5차 스킬 노드는 보스/사냥에서 실제 사용 빈도가 높은 스킬부터 강화 priority_2: 강화 코어는 주력 보스 딜링기와 주력 사냥기를 우선 포함하는 유효 코어 조합을 목표로 함 priority_3: 공용 코어는 쓸만한 홀리 심볼, 에르다 노바, 에르다 샤워/파운틴, 로프 커넥트 등 목적별로 선택 implementation_note: API 연동 전에는 사용자가 현재 보유 코어와..."
