alias_id,boss_id
boss_alias_4acdb01400bc90f5f572,boss_ddb85a647a6d9dfe6790
boss_alias_5d71586fe015e8d5fbfd,boss_ddb85a647a6d9dfe6790
boss_alias_90b4590b12d38ee0a197,boss_ddb85a647a6d9dfe6790
boss_alias_4acdb01400bc90f5f572,boss_259859caecbb617fb0c3
boss_alias_5d71586fe015e8d5fbfd,boss_259859caecbb617fb0c3
boss_alias_90b4590b12d38ee0a197,boss_259859caecbb617fb0c3
boss_alias_4acdb01400bc90f5f572,boss_4b28f8153496be05cf08
boss_alias_5d71586fe015e8d5fbfd,boss_4b28f8153496be05cf08
boss_alias_90b4590b12d38ee0a197,boss_4b28f8153496be05cf08
boss_alias_58b4411c428d9f991270,boss_78fe3c85d321f5f6546e
boss_alias_0d8bb69908a04445ebb9,boss_78fe3c85d321f5f6546e
boss_alias_58b4411c428d9f991270,boss_5fca70ec7da4142e8d44
boss_alias_0d8bb69908a04445ebb9,boss_5fca70ec7da4142e8d44
boss_alias_c3d7ec3eab943ad2e195,boss_7bb68e59948ba41b0fce
boss_alias_11f0ad12c019d5960563,boss_7bb68e59948ba41b0fce
boss_alias_ad08a40b902a1d45db1e,boss_63b3f6ff39eca0079882
boss_alias_2acf16b6b8c4c8228c51,boss_63b3f6ff39eca0079882
boss_alias_ad08a40b902a1d45db1e,boss_23965e5fcca86bbf8e08
boss_alias_2acf16b6b8c4c8228c51,boss_23965e5fcca86bbf8e08
boss_alias_f3fc9d8047161b7846c1,boss_2ad34e7f457e3d95aa15
boss_alias_0f2d51f7f91ded7a0e26,boss_2ad34e7f457e3d95aa15
boss_alias_2202236392f438493527,boss_2ad34e7f457e3d95aa15
boss_alias_f3fc9d8047161b7846c1,boss_86596e5ce11b2fdae425
boss_alias_0f2d51f7f91ded7a0e26,boss_86596e5ce11b2fdae425
boss_alias_2202236392f438493527,boss_86596e5ce11b2fdae425
boss_alias_0b6eafa92a1361a60391,boss_399ab42d09f06eb15187
boss_alias_5297689339359d7d2df5,boss_399ab42d09f06eb15187
boss_alias_a1391607ada5acb0789d,boss_766aab6548ca66b1ae03
boss_alias_c900962102cf09221a01,boss_766aab6548ca66b1ae03
boss_alias_a1391607ada5acb0789d,boss_87eb7ebc024b9df7d603
boss_alias_c900962102cf09221a01,boss_87eb7ebc024b9df7d603
boss_alias_a1391607ada5acb0789d,boss_8a2ac9c5fcdc482d7aa9
boss_alias_c900962102cf09221a01,boss_8a2ac9c5fcdc482d7aa9
boss_alias_45f22e2b71b43c952d49,boss_1d0e4f76a7719923ed7a
boss_alias_b49c64ecf501241297d6,boss_1d0e4f76a7719923ed7a
boss_alias_3d4dd99b1f641e0db7e2,boss_73fc760a7e2d5b1d4342
boss_alias_bc113fdbabf97d3cad1a,boss_73fc760a7e2d5b1d4342
boss_alias_3f12ce71d44e6ec24de4,boss_b6bc57fb66e2defbcf99
boss_alias_047121084aef4108d5d9,boss_b6bc57fb66e2defbcf99
boss_alias_93cc4b969520e4aa607c,boss_454a494fb98ddb0b293f
boss_alias_4762001078e51d999d65,boss_454a494fb98ddb0b293f
boss_alias_f87edb96de452926f3f9,boss_3a77c98d63a4a6d05c6f
boss_alias_122c4bfba408754bb90a,boss_3a77c98d63a4a6d05c6f
boss_alias_6ba9937cf2f143db67e5,boss_3a77c98d63a4a6d05c6f
boss_alias_162b00d6433ee816910b,boss_560afaf42585696f12e9
boss_alias_2edd053008f52a132d53,boss_560afaf42585696f12e9
boss_alias_ef8b065def5caa6b88eb,boss_4cff415747643b5aa4da
boss_alias_bd0791594ac3385acb56,boss_4cff415747643b5aa4da
boss_alias_dfada40960912a235732,boss_7a00ea60d384377541df
boss_alias_cb725b78d698fd864d77,boss_7a00ea60d384377541df
boss_alias_dfada40960912a235732,boss_a890cdfe7f81046a7892
boss_alias_cb725b78d698fd864d77,boss_a890cdfe7f81046a7892
boss_alias_dfada40960912a235732,boss_b1ca581461528064bfdd
boss_alias_cb725b78d698fd864d77,boss_b1ca581461528064bfdd
boss_alias_32c5478a456f0244c1c7,boss_049cce59d0f4517943f0
boss_alias_fab569e962d96963375c,boss_049cce59d0f4517943f0
boss_alias_32c5478a456f0244c1c7,boss_d745ce0e34275d012dc9
boss_alias_fab569e962d96963375c,boss_d745ce0e34275d012dc9
boss_alias_32c5478a456f0244c1c7,boss_e3a411803cbfd5903632
boss_alias_fab569e962d96963375c,boss_e3a411803cbfd5903632
boss_alias_fd90ee3fb87144ac6642,boss_4ee8243f0cb5d177d473
boss_alias_c357ca761d19142b7d7c,boss_4ee8243f0cb5d177d473
boss_alias_716f8d0b7bb13a982d8a,boss_5506a157461b6e69fd32
boss_alias_0edf321b3a81f60c4de4,boss_5506a157461b6e69fd32
boss_alias_59adc77fee4929b2bce2,boss_5506a157461b6e69fd32
boss_alias_b10515f0381362ffb68e,boss_bcf5ac0effc07e9de855
boss_alias_6af4f55673efdfef00ea,boss_bcf5ac0effc07e9de855
boss_alias_bf56582cd68e1ab4027f,boss_8a41e30884b4bdd3df03
boss_alias_da27bb30b4f8589ea9b7,boss_8a41e30884b4bdd3df03
boss_alias_f86e8e1344436bb74868,boss_8a41e30884b4bdd3df03
boss_alias_f73ae488b5d6237a6873,boss_63a8d525a5a8d311f237
boss_alias_dfea9416cf63039a8c16,boss_63a8d525a5a8d311f237
boss_alias_0142ca9aa38a023763a3,boss_63a8d525a5a8d311f237
boss_alias_bed9a7916c028f24ede9,boss_3ee6c5444133b675d6f4
boss_alias_4767aa1739a09ab668f7,boss_3ee6c5444133b675d6f4
boss_alias_25dbb7f9d616a63d52ae,boss_3ee6c5444133b675d6f4
boss_alias_3cc8ef1fdad3dd85ea34,boss_35e0a64d1cd10829fb95
boss_alias_0e323bd68b59ecdcc04a,boss_35e0a64d1cd10829fb95
boss_alias_47ba4ecca142bb175c5a,boss_6ca35e35b7450382e47b
boss_alias_625a5b09700a98467ce3,boss_6ca35e35b7450382e47b
